id,prova,área,tema,enunciado,a,b,c,d,gabarito,respostacerta,referência,comentários,imagem,incluir_na_prova
72b23a18-b42b-4255-b4bf-e3ad8cfc26a2,TEOT 2025,Ciência Básica,Marcha Normal e Patológica,"Na paralisia do músculo gastrocnêmio-solear, em função da fraqueza, observamos que",a tíbia posterioriza e o fêmur longo está fraco.,a tíbia posterioriza e o fêmur longo estão fracos.,a tíbia posterioriza está forte e o fêmur longo está fraco.,a tíbia posterioriza está fraco e o fêmur longo está forte.,A,a tíbia posterioriza e o fêmur longo está fraco.,TACHDIJAN'S,"O gabarito correto é, de fato, a letra A. O complexo gastrocnêmio-solear é o principal responsável pela flexão plantar. Durante a fase de apoio da marcha, esse grupo muscular controla o avanço da tíbia sobre o pé fixo ao solo. Na fase de balanço, auxilia na propulsão. Com a paralisia desse grupo, a tíbia não encontra resistência à sua anteriorização durante a fase de apoio da marcha.  A insuficiência do gastrocnêmio leva à uma flexão excessiva do joelho durante a fase de apoio e uma dorsiflexão excessiva do tornozelo.  As demais alternativas estão incorretas, pois descrevem incorretamente a relação entre a força/fraqueza da tíbia e do fêmur na presença de paralisia do gastrocnêmio-solear.
",,False
f71b4a3a-8d8a-4b18-8e25-b343efba097a,BANCO PRÓPRIO,Ortopedia Pediátrica,Mão torta radial e ulnar,"Na mão torta radial, é uma contra-indicação à cirurgia de centralização",a sinostose umeroulnar.,o polegar hipoplásico.,a síndrome VACTERL.,a deficiência radial tipo 4.,A,a sinostose umeroulnar.,TACHDIJAN'S,"Gabarito: A. A sinostose radioumeral é uma contraindicação absoluta para a cirurgia de centralização do carpo na mão torta radial. A centralização do carpo envolve a ressecção do carpo e o reposicionamento da mão sobre a ulna distal. A sinostose radioumeral impede a rotação necessária para obter uma boa função da mão após a centralização. As outras alternativas não são contraindicações à cirurgia de centralização. O polegar hipoplásico pode ser tratado com pollicização concomitante. A síndrome VACTERL é uma associação de anomalias congênitas que não afeta a cirurgia de centralização. A deficiência radial tipo 4 é uma indicação para centralização do carpo.
",,False
6002dcdc-fac8-4a02-83f5-9bce50d5cae8,TEOT 2023,Cirurgia do Quadril,Fraturas do anel pélvico,"Na fratura do sacro localizada na zona 2 de DENIS, a fixação com parafuso percutâneo iliossacral no corpo de S1 está associada a risco de lesão da raiz",L4.,L5.,S1.,S2.,B,L5.,CAMPBELL'S,"Gabarito correto: **B**.  A questão aborda um ponto crucial na fixação percutânea de fraturas sacrais.  Na zona 2 de Denis, a trajetória ideal do parafuso iliossacral, quando inserido no corpo de S1, passa próximo à raiz de L5, colocando-a em risco de lesão.  Embora a fratura esteja localizada em S1, a anatomia da região e a angulação necessária para a fixação percutânea direcionam o parafuso para uma trajetória que se aproxima da raiz de L5. As demais raízes (L4, S1 e S2) não se encontram na rota de risco durante esse procedimento específico.  Portanto, o cirurgião deve estar ciente dessa proximidade e utilizar técnicas de imagem, como fluoroscopia, para minimizar o risco de lesão neurológica durante a inserção do parafuso.
",,False
bab2388d-51ee-496b-9718-6d31097a47e3,TARO 2023,Cirurgia do Quadril,Osteonecrose da cabeça femoral,"No tratamento cirúrgico da osteonecrose da cabeça femoral, a imagem a seguir corresponde à técnica de","light bulb, utilizada nos casos de osteonecrose tipo I e II de FICAT.","light bulb, utilizada nos casos de osteonecrose tipo Ilb e III de FICAT.","trapdoor, utilizada nos casos de osteonecrose tipo I e II de FICAT.","trapdoor, utilizada nos casos de osteonecrose tipo Ilb e III de FICAT.",C,"trapdoor, utilizada nos casos de osteonecrose tipo I e II de FICAT.",CAMPBELL'S,"A imagem da referência mostra as técnicas ""trapdoor"" (A) e ""light bulb"" (B) para descompressão e enxertia da cabeça femoral. A imagem da questão corresponde à técnica ""trapdoor"". O procedimento é indicado para osteonecrose em estágio I ou II de Ficat.",https://i.imgur.com/dKikSIH.jpeg,False
71357202-a11c-421b-8074-35a74c5a6eef,TARO 2024,Cirurgia da Mão,Síndrome compartimental,"Na fratura dos ossos do antebraço, a síndrome compartimental",ocorre em 10% dos casos.,é mais comum no sexo feminino.,exige descompressão de todos os compartimentos do antebraço.,exige descompressão tanto do túnel do carpo como do lacertus fibrosus.,C,exige descompressão de todos os compartimentos do antebraço.,ROCKWOOD'S,"O gabarito correto é a letra C. A síndrome compartimental no antebraço, apesar de rara em fraturas fechadas (usualmente <5%, podendo chegar a 10% em fraturas expostas de alta energia), exige a descompressão de todos os compartimentos.  Lembrar que no antebraço temos quatro compartimentos: volar superficial, volar profundo, dorsal superficial e dorsal profundo, e a síndrome compartimental usualmente afeta todos eles.  Embora o túnel do carpo e o lacertus fibrosus sejam estruturas importantes no antebraço, a descompressão deles não trata a síndrome compartimental.  A síndrome compartimental é o aumento da pressão dentro de um compartimento fascial fechado,  comprometendo a perfusão tecidual e levando à isquemia muscular e nervosa.  A descompressão visa liberar a fáscia e restaurar a perfusão.  Não há diferença significativa na incidência entre os sexos.
",,False
12896bd7-879e-4e16-a798-f35dcf1dadb3,TEOT 2022,Cirurgia do Quadril,Osteonecrose da cabeça femoral,"No diagnóstico diferencial da osteonecrose da cabeça femoral, a característica da osteoporose transitória na ressonância magnética é",a perda da densidade óssea.,o amolecimento da cartilagem subcondral.,a proliferação das células mieloproliferativas.,o edema medular se estendendo para região intertrocantérica.,D,o edema medular se estendendo para região intertrocantérica.,CAMPBELL'S,"Gabarito correto: D. A questão aborda o diagnóstico diferencial da osteonecrose da cabeça femoral com a osteoporose transitória do quadril.  A principal característica da osteoporose transitória na ressonância magnética é o edema medular extenso, frequentemente atingindo a região intertrocantérica.  Na osteonecrose, o edema também está presente, mas tipicamente confinado à cabeça femoral e colo femoral, raramente ultrapassando a região intertrocantérica.  A perda de densidade óssea (A) pode ocorrer em ambas as condições, não sendo um fator distintivo. O amolecimento da cartilagem (B) é mais característico da necrose, enquanto a proliferação de células mieloproliferativas (C) não é um achado comum em nenhuma das duas patologias.
",,False
6829157a-471a-4bb9-a8fb-cda800c8fb60,TEOT 2022,Cirurgia do Quadril,Fraturas do anel pélvico,"Na lesão sacroilíaca, o parâmetro ósseo de segurança para passagem do parafuso sacral, visualizado na radioscopia, é a região",da densidade cortical do ilíaco.,posterior ao promontório sacral.,anterior à cortical posterior de S1.,da área do disco residual de S1 e S2.,C,anterior à cortical posterior de S1.,ROCKWOOD'S,"Gabarito: C. A alternativa correta é, de fato, a ""C"".  A segurança na colocação de parafusos sacrais em lesões do anel pélvico, incluindo as fraturas sacroilíacas, depende crucialmente de respeitar a cortical posterior do sacro (S1).  A  visualização fluoroscópica  permite identificar essa cortical e direcionar o parafuso de forma que ele fique anterior a ela,  evitando a penetração no canal sacral e, consequentemente, lesão neurológica.  As demais alternativas representam zonas de risco.  A densidade cortical do ilíaco não é um parâmetro confiável para a colocação do parafuso sacral.  A região posterior ao promontório também é perigosa, propiciando  penetração  no canal.  Finalmente, a área do disco residual entre S1 e S2 não oferece a resistência óssea necessária para a fixação adequada e segura do parafuso.
",,False
6a6e5893-84e6-4a2e-88d8-158a2b3ec941,TARO 2024,Cirurgia do Quadril,Biomecânica do Quadril,"Na biomecânica do quadril normal, a força realizada pelos abdutores deve ser aproximadamente","1,5 vez o peso corporal e a carga sobre a cabeça femoral na elevação da perna estendida é similar à carga na fase de apoio da marcha.","2,5 vezes o peso corporal e a carga sobre a cabeça femoral na elevação da perna estendida é similar à carga na fase de apoio da marcha.","1,5 vez o peso corporal e a carga sobre a cabeça femoral na elevação da perna estendida é aproximadamente 50% da carga na fase de apoio da marcha.","2,5 vezes o peso corporal e a carga sobre a cabeça femoral na elevação da perna estendida é aproximadamente 50% da carga na fase de apoio da marcha.",B,"2,5 vezes o peso corporal e a carga sobre a cabeça femoral na elevação da perna estendida é similar à carga na fase de apoio da marcha.",CAMPBELL'S,"O gabarito B está correto. A força gerada pelos abdutores do quadril (principalmente o glúteo médio) para manter o nível da pelve durante a fase de apoio unipodal é de aproximadamente 2,5 vezes o peso corporal.  Lembrem-se da relação biomecânica: quanto maior o braço de momento da força peso em relação ao centro da cabeça femoral, maior a força necessária dos abdutores para neutralizar esse momento e evitar a queda da pelve.  A elevação da perna estendida gera uma carga na cabeça femoral similar à carga na fase de apoio da marcha, pois ambas as situações exigem  ativação significativa dos abdutores para manter a estabilidade pélvica. As alternativas C e D estão incorretas por subestimarem a força dos abdutores, enquanto a alternativa A subestima a força, mas acerta a carga na cabeça femoral.
",,False
ad4568c7-8af8-4fe3-8b46-36c80a39d9e5,TARO 2015,Ortopedia Pediátrica,Síndrome compartimental,"Na síndrome compartimental da criança, o sintoma mais relevante para o diagnóstico é a",dor.,agitação.,parestesia.,ausência de pulso.,B,agitação.,ROCKWOOD'S PED,"Os três ""As"" podem ser mais úteis no diagnóstico: Ansiedade, agitação e aumento da necessidade de analgesia.",,False
d101a084-304e-47c1-9da0-16354984cf10,TEOT 2025,Ciência Básica,Exame Físico da Coluna,"Na avaliação do paciente com lombalgia, a dor que piora ao sentar e melhora ao levantar sugere dor",discal.,facetária.,radiculopática.,neurogênica.,A,discal.,FALLOPA,"Gabarito: A. A dor discal classicamente piora com a flexão da coluna (e o sentar aumenta a carga no disco intervertebral) e melhora com a extensão.  A dor facetária, por outro lado, piora com a extensão e melhora com a flexão.  A dor radiculopática e neurogênica são termos mais amplos e não apresentam essa relação específica com a postura sentada ou em pé, podendo ser exacerbadas por diversos movimentos ou posições que tensionem a raiz nervosa afetada.  Vale lembrar que a apresentação clínica da dor lombar pode variar e nem sempre se encaixa perfeitamente nesses padrões.
",,False
ea682545-9773-4853-9ec1-105a5a862d6f,TEOT 2024,Cirurgia do Quadril,Artroscopia de quadril,"Na artroscopia do quadril, o primeiro portal a ser realizado na técnica ""de dentro para fora"" (inside-out) é o",anterior.,anterolateral.,posterolateral.,anterior acessório.,B,anterolateral.,GERALDO MOTA,"Gabarito B. Na artroscopia do quadril (com tração), o portal de trabalho e visualização primário, estabelecido primeiro (seja pela técnica outside-in ou como referência para as demais), é quase sempre o portal Anterolateral. Ele fornece a visão padrão da articulação central. Os portais subsequentes (como o Anterior) são então criados (muitas vezes ""inside-out"", guiados pela visão do portal anterolateral) para triangulação.",,False
62590e3a-dddb-447d-8f7f-3d34b8676721,TEOT 2021,Ortopedia Pediátrica,Fraturas da coluna na criança,"Na avaliação radiográfica das lesões cervicais nas crianças, a linha espinolaminar de SWISCHUK é utilizada para avaliar",pseudo-luxação C2C3.,instabilidade rotatória atlanto-axial.,deslocamento anterior do odontoide.,deslocamento atlanto-occipital anterior.,A,pseudo-luxação C2C3.,TACHDIJAN'S,"Gabarito: A. A linha espinolaminar de Swischuk é um importante parâmetro radiográfico para avaliar a pseudo-luxação C2-C3 em crianças, uma condição fisiológica comum até os 8 anos de idade.  Essa linha, traçada na radiografia lateral da coluna cervical, conecta as espinhas cervicais de C1, C2 e C3. Na pseudo-luxação, a linha espinolaminar de C2 pode estar deslocada posteriormente em relação à C3 em até 4mm, simulando uma luxação verdadeira.  É crucial diferenciar essa variante normal das lesões traumáticas. As demais alternativas estão incorretas, pois a linha de Swischuk não é utilizada para avaliar instabilidade atlanto-axial, deslocamento do odontóide ou deslocamento atlanto-occipital.  Nesses casos, outros parâmetros radiográficos são mais relevantes, como o intervalo atlanto-dens e a relação de Powers.
",,False
5e7e55ba-3947-4190-a679-2fd46063cf60,TARO 2024,Ciência Básica,Ciência Básica,"Nas ponderações mais utilizadas de ressonância magnética, a água tem","alto sinal em T1, e alto sinal em T2.","alto sinal em T1, e baixo sinal em T2.","baixo sinal em T1, e alto sinal em T2.","baixo sinal em T1, e baixo sinal em T2.",C,"baixo sinal em T1, e alto sinal em T2.",GERALDO MOTA,"Gabarito correto: **C**. A água apresenta baixo sinal (hipointensa/escura) em T1 e alto sinal (hiperintensa/brilhante) em T2.  Isso se deve às propriedades magnéticas intrínsecas das moléculas de água e como elas interagem com os pulsos de radiofrequência aplicados durante a ressonância.  Em T1, a água demora mais para recuperar sua magnetização longitudinal, resultando em sinal baixo.  Já em T2, a água mantém sua magnetização transversal por mais tempo, levando ao sinal alto.  Lembrem-se que estruturas com alto conteúdo de água, como líquido articular, edema e cistos, também seguirão esse padrão. As demais alternativas invertem ou combinam erroneamente os sinais da água em T1 e T2.
",,False
a62d47f2-8d98-4da1-b5a3-ff58f05d1b99,TEOT 2025,Cirurgia do Quadril,Osteonecrose da cabeça femoral,"Na osteonecrose do quadril, as imagens de ressonância magnética a seguir demonstram o método de","FICAT, cuja soma dos ângulos tem valor preditivo quanto ao colapso subcondral.","FICAT, cuja soma dos ângulos não tem valor preditivo quanto ao colapso subcondral.","KERBOUL, cuja soma dos ângulos tem valor preditivo quanto ao colapso subcondral.","KERBOUL, cuja soma dos ângulos não tem valor preditivo quanto ao colapso subcondral.",C,"KERBOUL, cuja soma dos ângulos tem valor preditivo quanto ao colapso subcondral.",CAMPBELL'S,"Gabarito C. As imagens (RNM coronal e sagital) demonstram a medição do arco necrótico na superfície articular. Este método angular prognóstico foi descrito por Kerboul. A soma desses ângulos (Coronal + Sagital) tem um forte valor preditivo quanto ao risco de colapso subcondral: quanto maior o ângulo combinado (especialmente > 200-240$^{\circ}$), maior o risco de colapso. FICAT (A, B) é uma classificação baseada em raios-X, não em ângulos de RNM.",https://i.imgur.com/mAzDuoa.png,False
f6b2a313-152c-46a5-b759-0235e6dd5727,BANCO PRÓPRIO,Ciência Básica,Biomecânica do Ombro,"A medida do ""glenoid track"" na ressonância magnética equivale a",100% da largura da glenoide medida num corte coronal.,84% da largura da glenoide medida num corte sagital oblíquo.,100% da largura da glenoide medida num corte sagital oblíquo.,84% do comprimento da glenoide medido num corte sagital oblíquo.,B,84% da largura da glenoide medida num corte sagital oblíquo.,CAMPBELL'S,"O gabarito B está correto. O ""glenoid track"" representa a porcentagem da largura da glenoide que é coberta pela cabeça umeral em um corte sagital oblíquo, e o valor normal é considerado em torno de 83% a 84%.  Valores menores que esse indicam uma lateralização excessiva da cabeça umeral, predispondo a instabilidade.  A medida é feita no corte sagital oblíquo que acompanha o trajeto do tendão subescapular, representando a glenoide funcional. As outras alternativas estão incorretas, pois consideram 100% da largura ou o comprimento da glenoide, parâmetros que não refletem a congruência articular e a estabilidade dinâmica do ombro.
",,False
f8cb3a57-6952-454c-af53-3b31ddc86681,TARO 2025,Ortopedia Pediátrica,Fraturas da coluna na criança,A fratura da apófise posterior do corpo vertebral no esqueleto imaturo ocorre tipicamente em,recém-nascidos.,crianças entre 2 e 4 anos de idade.,crianças entre 5 e 9 anos de idade.,adolescentes.,D,adolescentes.,GERALDO MOTA,A resposta correta é a letra D. A fratura da apófise posterior do corpo vertebral também é chamada de fratura do limbo e ocorre tipicamente em adolescentes e adultos jovens.,,False
48c275f8-a7f0-4090-a18d-7c392a70b385,TARO 2023,Ortopedia Pediátrica,Fraturas dos ossos da perna,"Na fratura do terço proximal da tíbia na criança, a direção do desvio tardio e a estrutura anatômica interposta mais frequentemente observadas são respectivamente",varo e trato iliotibial.,valgo e trato iliotibial.,varo e pata de ganso.,valgo e pata de ganso.,D,valgo e pata de ganso.,CAMPBELL'S,"Tecidos moles, como a pata de ganso, interpõem-se entre os fragmentos, impedindo uma redução adequada e a consolidação completa da fratura, o que causa uma estimulação exagerada da fise no lado medial da tíbia, resultando em supercrescimento e deformidade em valgo.",,False
fc9de2f2-8161-4343-b761-8f3d7933e977,TARO 2023,Cirurgia do Quadril,Fraturas do Colo do Fêmur ,A fratura do colo femoral é mais comumente associada às fraturas de membros,"superiores, principalmente terço distal do rádio e terço proximal do úmero, e a mortalidade maior ocorre quando associada ao úmero.","superiores, principalmente terço distal do rádio e terço proximal do úmero, e a mortalidade maior ocorre quando associada ao rádio.","inferiores, principalmente diáfise femoral e terço proximal da tíbia, e a mortalidade maior ocorre quando associada à tíbia.","inferiores, principalmente diáfise femoral e terço proximal da tíbia, e a mortalidade maior ocorre quando associada à diáfise femoral.",A,"superiores, principalmente terço distal do rádio e terço proximal do úmero, e a mortalidade maior ocorre quando associada ao úmero.",ROCKWOOD'S,"Elas estão mais comumente associadas a fraturas do membro superior, principalmente fraturas do rádio distal e fraturas do úmero proximal. Pacientes com fraturas do úmero proximal concomitantes tiveram uma taxa de mortalidade mais alta.",,False
7662c897-c74e-4635-b820-363dc4062ad1,TARO 2024,Cirurgia do Quadril,Fraturas periprotéticas do quadril,A fratura periprotética de quadril tipo B2 de VANCOUVER corresponde à fratura,"ao nível da haste femoral, com prótese estável e bom estoque ósseo.","ao nivel da haste femoral, com prótese instável e bom estoque ósseo.","abaixo do nível da haste femoral, com prótese estável e bom estoque ósseo.","ao nível da haste femoral, com prótese estável e estoque ósseo comprometido.",B,"ao nivel da haste femoral, com prótese instável e bom estoque ósseo.",ROCKWOOD'S,"O gabarito correto é a letra B. A classificação de Vancouver é utilizada para fraturas periprotéticas de fêmur em pacientes com prótese total de quadril. O tipo B corresponde a fraturas na diáfise femoral ao nível da haste protética.  As fraturas tipo B são subdivididas em B1 (prótese estável), B2 (prótese instável e bom estoque ósseo) e B3 (prótese instável e mau estoque ósseo).  A alternativa A descreve uma fratura tipo B1. A alternativa C descreve uma fratura tipo C. A alternativa D descreve, parcialmente, uma fratura tipo B3, mas a localização da fratura ainda seria ao nível da haste.
",,False
2aec8df7-d48a-4b65-b33d-dfe3cb1b840d,TARO 2022,Ortopedia Pediátrica,Sindactilia e polidactilia,A sindactilia da mão deve ser operada mais precocemente quando acomete o,III e IV para evitar recorrência.,III e IV para evitar deformidade angular.,IV e V para evitar recorrência.,IV e V para evitar deformidade angular.,D,IV e V para evitar deformidade angular.,CAMPBELL'S,"Quando dedos de tamanhos diferentes estão completamente envolvidos (como entre o anelar e o mínimo - IV e V), a separação precoce, entre 6 e 12 meses de idade, é melhor devido à probabilidade de deformidades angulares, rotacionais e de flexão.",,False
81500558-de0b-4308-83e0-5c8799d43dc8,TARO 2021,Cirurgia do Quadril,Vias de acesso do quadril,"No acesso posterior ao quadril, a estrutura vascular que deve ser preservada para manutenção da viabilidade da cabeça femoral é o ramo",transverso da artéria circunflexa lateral.,transverso da artéria circunflexa medial.,ascendente da artéria circunflexa medial.,descendente da artéria circunflexa lateral.,C,ascendente da artéria circunflexa medial.,CAMPBELL'S,"Se a viabilidade da cabeça femoral for necessária, a artéria circunflexa femoral medial e seus ramos ascendentes devem ser protegidos.",,False
f0f066f6-5bd7-4753-8e66-3cca327fc2b6,TARO 2022,Cirurgia do Quadril,Exame Físico do Quadril,"Na semiologia do quadril, o teste ativo do músculo piriforme é realizado com o paciente promovendo força contra resistência de",adução e rotação lateral.,adução e rotação medial,abdução e rotação lateral,adução e rotação medial,C,abdução e rotação lateral,OSVANDRÉ,"O teste ativo do músculo piriforme é realizado com o paciente promovendo força contra a resistência de abdução e rotação externa do quadril, sendo o teste positivo quando apresenta dor local e fraqueza.",,False
4e165cdc-6ddb-4e55-bd46-a4f958b34de5,TARO 2018,Cirurgia do Quadril,Artroplastias do quadril,"Na artroplastia total do quadril, o uso de cabeças com diâmetros maiores",reduz o arco de movimento e a estabilidade.,amplia o arco de movimento e a estabilidade.,amplia o arco de movimento e reduz a estabilidade.,reduz o arco de movimento e aumenta a estabilidade.,B,amplia o arco de movimento e a estabilidade.,CAMPBELL'S,"Para um determinado diâmetro de colo, o uso de uma cabeça femoral maior aumenta a relação cabeça-colo e a amplitude de movimento... a ""distância de salto"" é a distância que a cabeça deve percorrer para escapar... e é geralmente aproximada como metade do diâmetro da cabeça (maior cabeça, maior estabilidade).",,False
2d397432-28be-4649-afdb-7db9c9ff8e6c,TEOT 2022,Cirurgia do Quadril,Fraturas Subtrocanterianas,"Na fratura subtrocanteriana, a classificação de RUSSEL-TAYLOR tem como foco o desvio do traço de fratura com extensão para",fossa piriforme e envolvimento do grande trocanter.,diáfise femoral e envolvimento do grande trocanter.,fossa piriforme e envolvimento do pequeno trocanter.,diáfise femoral e envolvimento do pequeno trocanter.,C,fossa piriforme e envolvimento do pequeno trocanter.,ROCKWOOD'S,"O gabarito C está correto. A classificação de Russel-Taylor para fraturas subtrocanterianas leva em consideração a extensão do traço principal de fratura, sendo o tipo I quando se estende para a fossa piriforme e envolve o pequeno trocanter, o tipo II quando se estende para a diáfise e envolve o pequeno trocanter e o tipo III quando a fratura se inicia abaixo do pequeno trocanter e se estende para a diáfise.  Lembrar que fraturas subtrocanterianas são fraturas localizadas entre 5cm abaixo do pequeno trocanter até a borda superior da fossa trocantérica.  As alternativas A, B e D descrevem padrões que não se encaixam na classificação de Russel-Taylor. Importante destacar que a classificação de Russel-Taylor é menos utilizada que a classificação de Seinsheimer na prática clínica.
",,False
c82fbaf6-6fe9-4239-96b6-63534ad0dca9,TARO 2022,Ortopedia Pediátrica,Fraturas da coluna na criança,A SCIWORA é mais frequente em,"crianças, na coluna cervical.","crianças, na coluna lombar.","adolescentes, na coluna cervical.","adolescentes, na coluna lombar.",A,"crianças, na coluna cervical.",ROCKWOOD'S PED,SCIWORA (Lesão da medula espinhal sem anormalidade radiográfica) é uma condição única em crianças. É hipotetizada como sendo relacionada a uma lesão grave de flexão-distração da coluna cervical.,,False
5a1e8fe8-185d-484c-937a-8d3f95012e85,TARO 2022,Cirurgia do Quadril,Fraturas do acetábulo,"Na fratura do acetábulo, em relação à medida do arco acetabular (ângulo de MATTA) podemos afirmar que",deve ser avaliada em radiografias com tração.,a parede posterior deve ser avaliada em separado.,medidas maiores que 45° indicam tratamento cirúrgico.,está indicada para avaliar fraturas de ambas as colunas,B,a parede posterior deve ser avaliada em separado.,SIZÍNIO,"A parede posterior deve ser avaliada em separado, pois essa área está fora do arco de Matta. As medidas do arco do teto são úteis para a maioria das fraturas, exceto para aquelas de ambas as colunas e da coluna posterior.",,False
853863a2-5398-432a-903e-e79a326c74fe,BANCO PRÓPRIO,Cirurgia do Ombro e Cotovelo,Outras síndromes compressivas dos membros superiores,A síndrome compressiva do nervo mediano está associada à ruptura,do cabo longo do bíceps braquial.,total do tendão distal do bíceps braquial.,parcial do tendão distal do bíceps braquial.,do tendão conjunto (coracobraquial e cabeça curta do bíceps braquial).,B,total do tendão distal do bíceps braquial.,CAMPBELL'S,"O gabarito B está correto. A síndrome compressiva do nervo mediano no cotovelo, também conhecida como síndrome do pronador redondo, pode ocorrer após ruptura total do tendão distal do bíceps. Isso acontece porque, com a perda da função do bíceps, o paciente frequentemente compensa com o uso excessivo dos músculos pronadores, o que pode levar à hipertrofia ou contratura desses músculos e consequente compressão do nervo mediano no interior do pronador redondo.  As demais alternativas não se associam a esta síndrome. A ruptura do cabo longo do bíceps, por exemplo, não afeta diretamente a função do bíceps no cotovelo e, portanto, não leva à compensação pelos pronadores.  Rupturas parciais do distal do bíceps também não costumam causar essa compensação, mantendo a função principal do bíceps.  Por fim, o tendão conjunto não tem relação anatômica ou funcional com o nervo mediano no cotovelo.
",,False
a2ae9ac5-9679-4ca5-895e-298cf69ae7e5,TARO 2018,Ortopedia Pediátrica,Osteocondrite dissecante do joelho,A osteocondrite dissecante do joelho é mais frequente em,meninos e no côndilo femoral medial.,meninos e no côndilo femoral lateral.,meninas e no côndilo femoral medial.,meninas e no côndilo femoral lateral.,A,meninos e no côndilo femoral medial.,SIZÍNIO,É mais vista em crianças e adolescentes ativos ou atletas... sendo mais comum em meninos... Mais de 70% das lesões da ODJ do joelho são encontradas na região posterolateral do côndilo femoral medial.,,False
072ac4e1-4ca3-4bed-aeb9-913d75c3d965,TEOT 2025,Cirurgia da Mão,Fraturas de Monteggia na Criança,A fratura de MONTEGGIA tipo 2 na classificação de BADO que ocorre na junção da metáfise com a diáfise da ulna é subclassificada como tipo,2A.,2B.,2C.,2D.,B,2B.,ROCKWOOD'S,"O gabarito correto é a letra B. As fraturas de Monteggia são lesões complexas que envolvem fratura da ulna e luxação da cabeça do rádio. A classificação de Bado divide essas fraturas em quatro tipos, sendo o tipo II o mais comum em crianças.  A subclassificação do tipo II, proposta por Letts e cols., leva em consideração a localização da fratura da ulna:  2A - fratura da ulna proximal ao processo coronóide; 2B - fratura da ulna na junção da metáfise com a diáfise (como descrito no enunciado); 2C - fratura da ulna distal ao processo coronóide; e 2D - fratura da ulna com luxação anterior do rádio e fratura do processo coronóide.  As outras alternativas, portanto, descrevem localizações diferentes da fratura da ulna. Lembrem-se que o reconhecimento preciso do tipo de fratura é crucial para o planejamento cirúrgico e obtenção de bons resultados funcionais.
",,False
1ddb55cf-62d0-4b4f-a059-fad9b2aaefa7,TARO 2016,Cirurgia do Quadril,Fraturas do acetábulo,"Na fratura do acetábulo que acomete a parede anterior, a transmissão da energia do trauma se dá pelo eixo","do colo femoral, com o quadril em rotação lateral.","do colo femoral, com o quadril em rotação medial.","da diáfise femoral, com o quadril em rotação lateral.","da diáfise femoral, com o quadril em rotação medial.",A,"do colo femoral, com o quadril em rotação lateral.",ROCKWOOD'S,A tabela de força aplicada e posição do quadril versus padrão de fratura indica que a fratura da parede anterior ocorre com uma força ao longo do eixo do colo femoral e rotação externa de 50 graus.,,False
82a4acc1-66e2-4c86-a14f-bec5f86aeb90,TEOT 2023,Cirurgia do Quadril,Exame Físico do Quadril,"Na semiologia do quadril, os testes utilizados para avaliar dor no músculo piriforme são",ELY e PHELPS.,PACE e PHELPS.,ELY e FREIBERG.,PACE e FREIBERG.,D,PACE e FREIBERG.,OSVANDRÉ,"Gabarito **D**. Os testes de Pace e Freiberg são utilizados para avaliar a síndrome do piriforme. O teste de Pace é realizado com o paciente sentado, com o quadril e joelho fletidos a 90 graus. O examinador realiza rotação externa resistida e rotação interna passiva do quadril.  Dor na região glútea durante esses movimentos sugere síndrome do piriforme. O teste de Freiberg  é realizado com o paciente em decúbito ventral, com o joelho fletido a 90 graus. O examinador realiza rotação interna passiva do quadril. A reprodução da dor na região glútea é sugestiva de síndrome do piriforme.  O teste de Ely avalia contratura do reto femoral e o teste de Phelps avalia contratura em abdução do quadril.
",,False
cdb4d07e-f7c9-408f-beff-c99d4cfd4694,TEOT 2021,Cirurgia do Quadril,Coxa saltans,O mecanismo de ressalto interno do quadril acontece quando o tendão do,iliopsoas atrita com a eminência iliopectínea ou a cabeça femoral.,iliopsoas atrita com a eminência iliopectínea ou o trocânter menor.,reto femoral atrita com a eminência iliopectínea ou a cabeça femoral.,reto femoral atrita com a eminência iliopectínea ou o trocânter menor.,A,iliopsoas atrita com a eminência iliopectínea ou a cabeça femoral.,CAMPBELL'S,"Gabarito: A. O ressalto interno do quadril, na coxa saltans interna, ocorre quando o tendão iliopsoas se move sobre a eminência iliopectínea, cabeça femoral ou, menos comumente, a borda anterior do acetábulo.  Durante a flexão do quadril, o tendão do iliopsoas situa-se lateralmente à eminência iliopectínea.  Com a extensão do quadril, o tendão se move medialmente, e esse movimento sobre a eminência iliopectínea pode causar o ressalto. As demais alternativas estão incorretas, pois o reto femoral não participa do mecanismo do ressalto interno. O trocânter menor também não está envolvido neste tipo de ressalto.
",,False
5e6ab7b2-a1ad-4490-af1a-22259970bc0e,TARO 2018,Cirurgia da Mão,Fraturas de Monteggia na Criança,"A fratura-luxação de MONTEGGIA no adulto, segundo a classificação de BADO, o tipo mais comum é o",I.,II.,III.,IV.,A,I.,EFFORT,O padrão mais comum é uma fratura da diáfise da ulna associada a uma luxação anterior da cabeça do rádio (Tipo I de Bado).,,False
0fd49fca-9ad2-4654-8fa6-b2040fe874b4,TEOT 2025,Anatomia,Vias de acesso da coluna,"No tratamento cirúrgico do processo odontoide por via anterior, a inserção proximal do músculo esternocleidomastóideo deve ser desinserida na base do",mastoide.,zigomático.,tireoglosso.,cervical transverso.,B,zigomático.,CAMPBELL'S,"Atenção, residentes. Esta questão contém um erro anatômico significativo no gabarito fornecido (B); a resposta correta é a alternativa A (mastoide). O conceito testado é a anatomia do músculo esternocleidomastóideo (ECM), um marco vital nos acessos cervicais. O ECM tem sua origem distal no esterno e na clavícula, e sua inserção proximal (superior) é inequivocamente no processo mastoide do osso temporal e na linha nucal superior. Embora um acesso anterior padrão ao odontoide (como o retrofaríngeo alto) busque o intervalo medial ao ECM e à bainha carotídea, retraindo-os lateralmente, o conhecimento desse marco anatômico superior é essencial. O zigomático (B) não tem relação com a inserção do ECM, servindo de origem aos músculos da mastigação (como o masseter).",,False
dc30f3a5-a7e7-4815-ac85-497b62e38395,TARO 2019,Ciência Básica,Síndrome do estresse tibial medial,A fratura por estresse na diáfise da tíbia ocorre com maior frequência por forças de,tensão na cortical anterolateral.,tensão na cortical posteromedial.,compressão na cortical anterolateral.,compressão na cortical posteromedial.,D,compressão na cortical posteromedial.,ROCKWOOD'S,"O tipo predominante é uma fratura de estresse do córtex posteromedial (lado da compressão) de baixo risco, com o tipo muito menos comum sendo a de alto risco do córtex anterolateral (lado da tensão).",,False
74f5b7af-44e8-4830-b1d9-fac67c312667,TARO 2023,Ortopedia Pediátrica,Fraturas dos ossos da perna,A fratura em galho verde da metáfise proximal da tíbia em crianças usualmente é secundária à força aplicada em,varo com fratura em tensão da cortical lateral.,varo com fratura em tensão da cortical medial.,valgo com fratura em tensão da cortical lateral.,valgo com fratura em tensão da cortical medial.,D,valgo com fratura em tensão da cortical medial.,ROCKWOOD'S PED,"O mecanismo de lesão mais comum é uma força de baixa energia aplicada na face lateral do joelho estendido. O córtex da metáfise tibial medial falha em tensão, resultando frequentemente em uma fratura em galho verde incompleta.",,False
2fd60b77-42e8-4401-90b8-1c30e1c15482,TEOT 2024,Ortopedia Pediátrica,Escoliose Idiopática,"Na escoliose idiopática infantil, o método desenvolvido por MEHTA para avaliar o potencial de progressão é por meio da diferença na mensuração do ângulo entre",arcos costais e vértebra.,pedículos e processo espinhoso.,vértebra superior e vértebra apical.,vértebra apical e vértebra neutra inferior.,A,arcos costais e vértebra.,CAMPBELL'S,"Gabarito A. O prognóstico da Escoliose Idiopática Infantil (EII) (resolutiva vs. progressiva) é determinado pelo método de Mehta. Este método avalia a relação entre os arcos costais e a vértebra apical da curva. Especificamente, mede-se o ""RVAD"" (Rib Vertebral Angle Difference). Um RVAD > 20$^{\circ}$ ou uma Fase 2 de Mehta (cabeça da costela côncava sobrepondo o corpo vertebral) indicam alto risco de progressão.",,False
1bd189f8-cdf3-4aa7-8f30-477e67094c05,TARO 2015,Cirurgia do Pé e Tornozelo,Artroplastias do tornozelo,"Na artroplastia do tornozelo, as fraturas que ocorrem mais frequentemente no intra-operatório são as",do tálus.,do maléolo medial.,do maléolo posterior.,da metáfise distal da tíbia.,B,do maléolo medial.,CAMPBELL'S,A complicação intraoperatória mais frequente da artroplastia total do tornozelo é a fratura do maléolo medial ou lateral.,,False
32fe39c0-935a-440f-baa7-fc56e26fb9d6,BANCO PRÓPRIO,Ortopedia Pediátrica,Fraturas da coluna na criança,A lesão cervical em menor de 8 anos de idade é mais comum no segmento atlantoaxial devido a,cabeça menor comparada ao corpo.,facetas articulares mais verticalizadas.,maior tendência à translação posterior.,maior mobilidade por causa da frouxidão ligamentar.,D,maior mobilidade por causa da frouxidão ligamentar.,ROCKWOOD'S PED,"Gabarito correto: D. Em crianças menores de 8 anos, a maior mobilidade da coluna cervical, especialmente na junção atlantoaxial, decorre da frouxidão ligamentar e da imaturidade das estruturas ósseas e musculares.  Essa frouxidão ligamentar, combinada com a posição mais horizontalizada das facetas articulares e a maior proporção cabeça-corpo, predispõe a lesões nessa região, sendo a subluxação atlantoaxial rotatória e as fraturas occipitais e do côndilo occipital mais comuns do que as fraturas típicas em adultos.  As demais alternativas, embora possam parecer plausíveis em um contexto isolado, não são as principais responsáveis pela maior incidência de lesões atlantoaxiais nessa faixa etária.  A cabeça proporcionalmente maior e a horizontalização das facetas, por exemplo, contribuem para um tipo específico de lesão, mas não explicam a maior frequência geral.
",,False
61fb7481-7a0d-47d1-98f7-831068ec338f,BANCO PRÓPRIO,Cirurgia do Ombro e Cotovelo,Outras síndromes compressivas dos membros superiores,O ponto de compressão do nervo interósseo posterior assinalado pela seta é denominado,leash de HENRY.,canal de GUYON.,arcada de FROHSE.,arcada de STRUTHERS.,C,arcada de FROHSE.,NETTER'S,"O gabarito está correto. A compressão do nervo interósseo posterior, ramo motor do nervo radial, ocorre mais comumente na arcada de Frohse, que é a borda fibrosa proximal do músculo supinador. Essa arcada é o local mais comum de compressão do nervo interósseo posterior, levando à sua síndrome compressiva.  A arcada de Struthers é uma causa potencial de compressão do nervo mediano no braço, enquanto o canal de Guyon é o local de compressão do nervo ulnar no punho. O leash de Henry, por sua vez, são vasos que cruzam o nervo mediano no antebraço e podem estar relacionados à síndrome do pronador redondo.
",,False
5afa2791-57fb-4396-8eb9-01a8047aa20c,TARO 2019,Ortopedia Pediátrica,Fraturas dos ossos da perna,"Na fratura metafisária proximal da tíbia da criança, a deformidade em valgo frequentemente é maior aos",6 meses e melhora após um ano da lesão.,12 meses e melhora após dois anos da lesão.,18 meses e melhora após quatro anos da lesão.,24 meses e melhora após seis anos da lesão.,C,18 meses e melhora após quatro anos da lesão.,JUPITER,"Zionts e MacEwen mostraram que a deformidade máxima induzida pelo supercrescimento está presente por volta dos 18 meses após a lesão. A melhora começa a partir daí, e a melhora máxima geralmente é alcançada 4 anos após a lesão.",,False
2c2b0bbb-1b0b-435b-bb48-2a208fa0e62f,TARO 2016,Cirurgia do Quadril,Fraturas Subtrocanterianas,"Nas fraturas subtrocantéricas com desvio, o fragmento proximal está em flexão,",adução e rotação lateral.,adução e rotação medial.,abdução e rotação lateral.,abdução e rotação medial.,C,abdução e rotação lateral.,CAMPBELL'S,"Os resultados dessas inserções musculares incluem abdução, rotação externa e flexão do fragmento proximal.",,False
f8dc90dc-8b0b-48b3-8b47-7e2ef0c52cb9,TEOT 2021,Cirurgia do Quadril,Fraturas Transtrocanterianas,"Na fratura transtrocanteriana, a fragilidade da parede lateral acarreta",medialização do fêmur com aumento de offset.,lateralização do fêmur com aumento de offset.,medialização do fêmur com diminuição de offset.,lateralização do fêmur com diminuição de offset.,C,medialização do fêmur com diminuição de offset.,ROCKWOOD'S,"Gabarito correto: C.  Fraturas transtrocanterianas, especialmente as instáveis com comprometimento da parede lateral, levam à medialização do fêmur proximal. Essa medialização, por sua vez, diminui o offset femoral (a distância horizontal entre a cabeça femoral e a linha média do fêmur na diáfise), encurtando o membro e afetando a biomecânica do quadril, com impacto na abdução e aumentando o risco de impacto contra a pelve. As outras alternativas estão incorretas, pois descrevem combinações de deslocamento e alteração do offset femoral que não são observadas nesse tipo de fratura.  A lateralização do fêmur, por exemplo, seria mais característica de fraturas da cabeça femoral ou luxações, enquanto o aumento do offset femoral não é um achado comum em fraturas proximais do fêmur.
",,False
ef9e2103-7677-4a4a-875f-85800bf6ecc8,TARO 2018,Cirurgia do Quadril,Biomecânica do Quadril,"Na biomecânica do quadril, a carga na cabeça do fêmur é diminuída com a",lateralização da cabeça femoral.,medialização da cabeça femoral.,anteriorização da cabeça femoral.,posteriorização da cabeça femoral.,B,medialização da cabeça femoral.,SIZÍNIO,"Os comprimentos dos dois braços de alavanca podem ser alterados... Isso, em tese, diminui a carga sobre o quadril em até 30% (conceito da medialização da cabeça femoral de Charnley).",,False
4e557a2b-5f10-414f-b7c4-8979430a2723,TARO 2023,Ortopedia Pediátrica,Amputações,O sobrecrescimento ósseo após amputação em crianças é mais comum no,rádio e na tíbia.,rádio e na fíbula.,úmero e na tíbia.,úmero e na fíbula.,D,úmero e na fíbula.,CAMPBELL'S,"Ocorre com mais frequência no úmero e na fíbula e com menos frequência na tíbia, fêmur, rádio e ulna, nessa ordem.",,False
822d769c-49b5-4835-8ca2-e6362f9f5824,TARO 2019,Cirurgia da Mão,"Princípios de microcirurgia, retalhos microúrgicos e reimplantes","Na cobertura cutânea da mão, o pedículo do retalho da artéria interóssea posterior é identificado entre os músculos",extensor dos dedos e supinador.,extensor ulnar do carpo e supinador.,extensor dos dedos e extensor do quinto dedo.,extensor ulnar do carpo e extensor do quinto dedo.,D,extensor ulnar do carpo e extensor do quinto dedo.,CAMPBELL'S,"A artéria interóssea posterior... emite de quatro a seis ramos cutâneos, passando pelo septo entre os músculos extensor do dedo mínimo e extensor ulnar do carpo.",,False
1d83bca4-b026-40d9-9b12-279a8aaa0ed3,TEOT 2021,Cirurgia do Quadril,Vias de acesso do quadril,A via de acesso demonstrada na imagem a seguir é,HARDINGE.,KOCHER.,LUDLOFF.,SMITH-PETERSEN.,D,SMITH-PETERSEN.,CAMPBELL'S,"O gabarito está correto. A imagem demonstra a via de acesso anterolateral (Smith-Petersen), que se inicia com uma incisão longitudinal aproximadamente 7cm distal e 3cm posterior à espinha ilíaca anterossuperior e se estende distalmente ao longo da borda anterior do tensor da fáscia lata. A dissecção segue entre o tensor da fáscia lata (lateralmente) e o sartório (medialmente).  A principal vantagem dessa via é a preservação dos abdutores, minimizando a claudicação pós-operatória. As demais alternativas demonstram vias de acesso posteriores (Kocher-Langenbeck e Hardinge) e a via de acesso de Ludloff  (utilizada para luxações congênitas do quadril).
",,False
f34ab855-510a-4973-86ea-d96beed6e225,TARO 2023,Ortopedia Pediátrica,Fraturas da coluna na criança,"No diagnóstico diferencial das fraturas do atlas na criança, pode se confundir como traço de fratura a não fusão das conexões entre os arcos anterior e posterior, fusão esta que ocorre geralmente na idade de",7 anos.,9 anos.,11 anos.,13 anos.,A,7 anos.,ROCKWOOD'S,As sincondroses neurocentrais que ligam os arcos neurais ao corpo fecham-se por volta dos 7 anos de idade.,,False
6fbad529-7b8e-4638-bd26-de70e9bdd559,TARO 2019,Cirurgia do Quadril,Lesões musculares,"Na lesão do músculo do iliopsoas, a manobra de LUDLOFF é realizada com",flexão do quadril contra resistência e joelhos fletidos.,extensão do quadril contra resistência e joelhos fletidos.,flexão do quadril contra resistência e joelhos estendidos.,extensão do quadril contra resistência e joelhos estendidos.,A,flexão do quadril contra resistência e joelhos fletidos.,SIZÍNIO,A manobra de Ludloff (flexão do quadril contra resistência com o paciente sentado e de joelhos fletidos) é positiva se houver dor.,,False
99b73417-0b83-4c08-bb77-d3c798d499d1,TARO 2019,Cirurgia do Quadril,Luxações do Quadril,"Nas luxações anteriores do quadril, a estrutura que atua como fulcro para a lesão da cápsula articular é o",púbis.,ísquio.,músculo iliopsoas.,músculo retofemoral.,C,músculo iliopsoas.,ROCKWOOD'S,"Nas luxações anteriores, o psoas atua como o fulcro do quadril, e a cápsula é rompida anterior e inferiormente.",,False
bd16a126-ff6d-46ce-95d2-42165391ef45,TARO 2016,Ciência Básica,Exame Físico da Coluna,"Na semiologia da coluna lombar, o teste de SCHOBER modificado auxilia na identificação de",obliquidade pélvica dolorosa.,escoliose lombar não estruturada.,hiperlordose lombar dolorosa e estruturada.,limitação dos movimentos da coluna lombar.,D,limitação dos movimentos da coluna lombar.,OSVANDRÉ,"O teste de Schober modificado mede a flexão lombar. A distância entre duas marcas deve aumentar, indicando a mobilidade da coluna. Uma limitação nesse aumento indica restrição de movimento.",,False
09aeae2d-1ea0-4f23-8d34-3852f7c73fc9,TEOT 2025,Ortopedia Pediátrica,Fraturas da Escápula,"Um menino de 11 anos, vítima de atropelamento por carro, apresenta-se na emergência com queixa de dor no ombro esquerdo e impotência funcional. Conforme a imagem a seguir, o diagnóstico mais provável é de",fratura de úmero proximal.,fratura do colo da escápula.,pseudoluxação acromioclavicular.,rotura dos ligamentos acromioclaviculares.,C,pseudoluxação acromioclavicular.,LOVELL'S,"Gabarito C. A imagem mostra um deslocamento inferior acentuado da cabeça do úmero em relação ao acrômio. Note que a glenoide deslocou-se junto com o úmero. Isso indica que a lesão subjacente é uma fratura do colo da escápula (Opção B), fazendo com que todo o complexo glenoumeral ""caia"". Esse fenômeno radiográfico específico (a aparência de luxação AC/GH causada por uma fratura subjacente da escápula ou clavícula) é conhecido como pseudoluxação acromioclavicular (Opção C).",https://i.imgur.com/8OO9lIh.png,False
fea649f8-2543-4f9f-a76d-53621ec843cb,TARO 2016,Cirurgia da Mão,Síndromes compressivas do cotovelo,"Na síndrome do túnel cubital classificada por McGOWAN, a categoria III é caracterizada por",parestesia intermitente e fraqueza subjetiva.,parestesia permanente e fraqueza subjetiva.,parestesia intermitente e fraqueza mensurável.,parestesia permanente e fraqueza mensurável.,D,parestesia permanente e fraqueza mensurável.,CAMPBELL'S,A disfunção grave (categoria III) é caracterizada por parestesias persistentes e fraqueza mensurável.,,False
7a2bb670-a592-42db-ada2-60cf5a737526,TARO 2025,Cirurgia do Quadril,Osteonecrose da cabeça femoral,"Na imagem a seguir, de uma ressonância magnética do quadril esquerdo com osteonecrose, observamos uma sequência ponderada em",T1 com imagem geográfica.,T2 com imagem geográfica.,"T1 com imagem de ""dupla linha"", típica de osteonecrose.","T2 com imagem de ""dupla linha"", típica de osteonecrose.",A,T1 com imagem geográfica.,CAMPBELL'S,"Gabarito: A. A imagem apresentada, de uma ressonância magnética da cabeça femoral, demonstra a clássica imagem geográfica em T1, sugestiva de osteonecrose.  A imagem geográfica refere-se à aparência heterogênea da lesão, com áreas de baixa intensidade de sinal (escuras) entremeadas com áreas de alta intensidade de sinal (claras/cinzas), lembrando um mapa.  Essa heterogeneidade reflete as diferentes fases da necrose óssea, incluindo áreas de edema, fibrose e necrose. Lembrem-se que a RM é o padrão-ouro para o diagnóstico da osteonecrose da cabeça femoral, sendo mais sensível que a radiografia e a cintilografia óssea, especialmente nos estágios iniciais.

As alternativas B, C e D estão incorretas.  Embora a imagem de ""dupla linha"" também seja um achado importante na RM de osteonecrose, ela é tipicamente vista em sequências ponderadas em T2, não em T1 como na imagem fornecida. A linha interna, de baixa intensidade, representa a interface entre o osso necrótico e o tecido de granulação. A linha externa, de alta intensidade, representa o edema reacional na medula óssea adjacente.  A imagem geográfica, por outro lado, é mais característica das sequências em T1.
",,False
5db8fabb-8257-49be-8203-3de265115cd4,TEOT 2022,Ortopedia Pediátrica,Síndrome de Klippel-Feil,"A associação dos achados clínicos de implantação baixa do cabelo na nuca, pescoço curto e limitação do arco de movimento cervical ocorre na",neurofibromatose.,síndrome de LARSEN.,displasia cervical familiar.,síndrome de KLIPPEL-FEIL.,D,síndrome de KLIPPEL-FEIL.,TACHDIJAN'S,"Gabarito: D. A tríade clássica da síndrome de Klippel-Feil consiste em implantação baixa do cabelo na nuca, pescoço curto e limitação da amplitude de movimento cervical.  Essa síndrome resulta da falha de segmentação dos somitos cervicais durante o desenvolvimento embrionário, levando à fusão de duas ou mais vértebras cervicais.  A neurofibromatose pode apresentar deformidades ósseas, mas não essa tríade específica. A síndrome de Larsen é caracterizada por múltiplas luxações articulares, incluindo as das mãos, pés, cotovelos, quadris e joelhos, além de anormalidades craniofaciais.  A displasia cervical familiar, embora envolva a coluna cervical, manifesta-se com instabilidade e subluxação cervical, e não com a tríade clássica de Klippel-Feil.
",,False
bd6b4b98-5ccd-4314-8a19-4e761ccc571f,TARO 2021,Cirurgia da Mão,Fraturas do Tálus e Outros Ossos do Tarso,A fratura do hâmulo do hamato é diagnosticada na radiografia através das incidências tunnel view e,anteroposterior do punho.,posteroanterior do punho.,oblíqua do punho em pronação de 45°.,oblíqua do punho em supinação de 45°.,D,oblíqua do punho em supinação de 45°.,SIZÍNIO,O diagnóstico de fraturas que acometem o hâmulo do hamato é obtido em radiografias do túnel do carpo e na incidência oblíqua em supinação em 45°.,,False
992f1145-cd94-4253-8f68-01fa87b63c68,TARO 2016,Cirurgia da Mão,Síndrome do túnel do carpo,"Na síndrome do túnel do carpo, o teste mais específico e sensível para o diagnóstico é o de",TINEL.,PHALEN.,DURKAN.,FROMENT.,C,DURKAN.,CAMPBELL'S,Um teste de compressão carpal (teste de Durkan)... foi considerado mais específico (90%) e mais sensível (87%) do que os testes de Tinel ou Phalen.,,False
c519cdac-5f81-447e-ba90-3ca858303576,TARO 2017,Anatomia,Vias de acesso da coluna,"Na via de acesso anterior à coluna lombar L4-S1, a ligadura da artéria iliolombar pode causar",lesão do plexo simpático.,sangramento por lesão da veia ilíaca.,trombose da artéria ilíaca comum.,sangramento por lesão da artéria sacral média.,B,sangramento por lesão da veia ilíaca.,ROCKWOOD'S,"A ligadura da veia iliolombar ascendente esquerda é essencial para a mobilização segura da veia ilíaca comum esquerda, pois a avulsão desta veia pode causar sangramento significativo.",,False
4758b31d-74e9-4b5a-a842-b1953562e0e3,TARO 2018,Cirurgia do Quadril,Fraturas do acetábulo,"Na fratura da parede anterior do acetábulo, o mecanismo de trauma é uma força aplicada no trocanter maior, com o quadril em",rotação lateral de 20 graus e adução.,rotação medial de 20 graus e abdução.,rotação lateral de 20 graus e adução/abdução neutra.,rotação medial de 20 graus e adução/abdução neutra.,D,rotação medial de 20 graus e adução/abdução neutra.,ROCKWOOD'S,A tabela de mecanismo de trauma x padrão de fratura mostra que uma força no trocânter maior com o quadril em posição neutra de abdução/adução e 20 graus de rotação interna resulta em uma fratura da parede anterior.,,False
,,,,,,,,,,,,,,False
ed652584-b647-4bf8-ad21-9a57b0db5d8c,TEOT 2022,Ciência Básica,Lesões dos Nervos Periféricos e do plexo braquial,"Na semiologia da lesão do plexo braquial, o sinal demonstrado na imagem a seguir está presente nas lesões","pré-ganglionares, com Tinel positivo.","pré-ganglionares, com Tinel negativo.","pós-ganglionares, com Tinel positivo.","pós-ganglionares, com Tinel negativo.",B,"pré-ganglionares, com Tinel negativo.",GERALDO MOTA,"O gabarito correto é a letra B. A imagem demonstra o Sinal de Horner, caracterizado por ptose palpebral, miose e anidrose facial ipsilateral à lesão. Este sinal, no contexto de lesões do plexo braquial, indica uma lesão pré-ganglionar, proximal ao gânglio estrelado, geralmente associada a avulsões das raízes nervosas (C8-T1).  Lesões pré-ganglionares, por interromperem a via nervosa antes do gânglio, apresentam sinal de Tinel negativo, pois não há regeneração axonal distal ao local da lesão para ser testada.  Lesões pós-ganglionares, por outro lado, poderiam apresentar Tinel positivo distalmente à lesão, à medida que os axônios se regeneram.
",TEOT_2022_TEORICA_Q01.jpeg,False
67375c8d-0f8c-4676-a5ea-e610d75d515c,TARO 2016,Cirurgia do Quadril,Fraturas do anel pélvico,"Na fratura do sacro classificada por DENIS como zona III, a probabilidade de lesão neurológica é de:",10-20%,30-40%,50-60%,70-80%,C,50-60%,JUPITER,"A classificação de Denis correlaciona a localização da fratura com a lesão neurológica. Fraturas da Zona I (alar) têm 5.9% de incidência, Zona II (foraminal) 28.4%, e Zona III (canal central) 56.7%.",,False
7ecb6d7f-129a-46fe-9feb-420c34247c3f,TARO 2015,Ciência Básica,Traumatismo Raquimedular e síndrome da cauda equina,A síndrome centrolobular ocorre em idosos por mecanismo de:,"Hiperextensão, e cursa com tetraparesia que afeta mais os membros inferiores.","Hiperextensão, e cursa com tetraparesia que afeta mais os membros superiores","Hiperflexão, e cursa com tetraparesia que afeta mais os membros superiores.","Hiperflexão, e cursa com tetraparesia que afeta mais os membros inferiores",B,"Hiperextensão, e cursa com tetraparesia que afeta mais os membros superiores",CAMPBELL'S,"Geralmente, os pacientes apresentam uma tetraparesia envolvendo os membros superiores em maior grau que os membros inferiores. Esta síndrome geralmente resulta de uma lesão por hiperextensão em um indivíduo idoso.",,False
88e991fd-afb0-475d-9fea-4d4fbfdabc04,TARO 2019,Cirurgia do Ombro e Cotovelo,Síndrome do desfiladeiro torácico,"No desfiladeiro torácico, a síndrome de PAGET-SCHROETTER é caracterizada pela compressão",da veia subclávia.,da artéria subclávia.,do tronco inferior do plexo.,do tronco superior do plexo.,A,da veia subclávia.,SIZÍNIO,"A síndrome de Paget-Schroetter, também conhecida como trombose de esforço, é uma trombose venosa profunda da veia subclávia, frequentemente associada à compressão no desfiladeiro torácico.",,False
2050633f-17d7-4d47-b607-390a2fd9fab0,TEOT 2025,Cirurgia do Pé e Tornozelo,Pioartrites,"Na tuberculose óssea, quando há presença de lesões isoladas no pé, os ossos mais acometidos são",tálus e navicular.,tálus e calcâneo.,cuboide e calcâneo.,navicular e cuboide.,B,tálus e calcâneo.,CAMPBELL'S,"Gabarito B. A tuberculose osteoarticular prefere grandes articulações sinoviais e ossos com grande quantidade de medular esponjosa. Embora o pé não seja o local mais comum (atrás da coluna, quadril e joelho), quando ele é acometido isoladamente, os ossos mais envolvidos são os maiores ossos do tarso, que possuem maior volume esponjoso e vascularização: o tálus e o calcâneo.",https://i.imgur.com/QUwAbeS.png,False
06db0cb7-f6b7-4495-8c38-64d1bdf0d3a0,BANCO PRÓPRIO,Ciência Básica,Biomecânica do Ombro,O off-set umeral é medido por meio da distância,F-G.,M-H.,F-H.,B-C.,A,F-G.,CAMPBELL'S,"Gabarito: A. Excelente! O off-set umeral, crucial para o entendimento da anatomia funcional do ombro, de fato corresponde à distância F-G na imagem.  Ele representa a distância perpendicular entre o centro de rotação da cabeça umeral (ponto A) e o eixo da diáfise umeral (linha F-G), sendo essencial para manter o espaço subacromial e prevenir o impacto.  Um menor off-set predispõe ao impacto subacromial, pois aproxima a tuberosidade maior do acrômio. As outras medidas na imagem representam: B-C (diâmetro da cabeça umeral), M-H (largura da glenoide) e F-H (distância entre o centro da cabeça e a borda lateral da glenoide).
",https://i.imgur.com/edGQrhg.png,False
6a375799-0727-4486-b6b1-2dee27147084,TARO 2024,Cirurgia do Quadril,Artroscopia de quadril,"Na artroscopia do quadril, a confecção do portal anterior transpassa os músculos",sartório e reto femoral.,sartório e piriforme,glúteo médio e mínimo.,glúteo médio e reto femoral.,A,sartório e reto femoral.,CAMPBELL'S,"Gabarito: A. Perfeito! O portal anterior, na artroscopia do quadril, é criado pela dissecção entre o músculo sartório e o reto femoral.  Essa localização é crucial para acessar a articulação do quadril de forma segura, minimizando o risco de lesões neurovasculares. Lembrem-se que o nervo femoral e a artéria femoral estão localizados lateralmente ao portal anterior, enquanto o nervo cutâneo femoral lateral está localizado medialmente.  As outras alternativas estão incorretas, pois mencionam músculos que não são relevantes para a confecção do portal anterior, como o piriforme (um rotador externo profundo do quadril) e os glúteos médio e mínimo (abdutores do quadril localizados na face lateral).
",,False
9d2e8d98-91a4-4ff8-a0a6-33d3b4fc6539,BANCO PRÓPRIO,Ciência Básica,Biomecânica do Ombro,O offset lateral do úmero é determinado pela distância entre a,margem lateral da glenoide e a margem medial do tubérculo maior.,margem lateral da glenoide e a margem medial do tubérculo maior.,margem medial da glenoide e a margem medial do tubérculo maior.,base lateral do processo coracoide e a margem lateral do tubérculo maior.,C,margem medial da glenoide e a margem medial do tubérculo maior.,CAMPBELL'S,"O gabarito está correto. O offset lateral do úmero descreve a distância perpendicular entre o centro de rotação da cabeça umeral e a linha da superfície articular da glenoide, representando o braço de momento do manguito rotador. Clinicamente, é medido pela distância entre a margem medial da glenoide e a margem medial do tubérculo maior. A perda do offset lateral leva à diminuição da força de abdução do ombro e à migração cranial da cabeça umeral.  As outras alternativas apresentam pontos de referência incorretos para a mensuração do offset lateral.
",,False
854abcc1-1b8b-4410-ac5c-d5d30de157d8,TARO 2023,Anatomia,Vias de acesso do Pé e Tornozelo,"Na abordagem cirúrgica medial do tornozelo, a linha C marcada na imagem a seguir corresponde ao acesso de",KOCHER.,BROOMHEAD.,KOENIG e SCHAEFER.,COLONNA e RALSTON.,D,COLONNA e RALSTON.,CAMPBELL'S,"A imagem da referência mostra as incisões para abordagens mediais da articulação do tornozelo: Koenig e Schaefer (A), Broomhead (B) e Colonna e Ralston (C).",https://i.imgur.com/TX0jFIx.jpeg,False
240c192d-abc4-4f1a-8686-12619080fd17,TARO 2020,Cirurgia do Quadril,Fraturas periprotéticas do quadril,"Na fratura periprotetica na imagem a seguir, a melhor forma de tratamento é a osteossíntese interna com",uso de enxerto ósseo.,uso de cerclagem isolada.,revisão do componente femoral.,manutenção do componente femoral.,C,revisão do componente femoral.,CAMPBELL'S,"A imagem mostra uma fratura ao redor de uma haste femoral, que parece solta (tipo B2 da classificação de Vancouver). Se a haste estiver solta, como nas fraturas do tipo B2, a revisão com um componente femoral de haste longa é preferível.",,False
803df6b1-268e-49ae-bfb4-8b6202fb498f,BANCO PRÓPRIO,Ciência Básica,Biomecânica do Ombro,A retração da escápula é composta pela associação dos movimentos,"rotação externa, inclinação posterior, rotação superior e translação lateral.","rotação externa, inclinação posterior, rotação superior e translação lateral.","rotação interna, inclinação anterior, rotação superior e translação medial.","rotação externa, inclinação anterior, rotação inferior e translação medial.",A,"rotação externa, inclinação posterior, rotação superior e translação lateral.",CAMPBELL'S,"O gabarito correto é, de fato, a letra A. A retração escapular, fundamental para a adequada função do ombro,  é uma combinação de movimentos que posicionam a glenóide de forma ideal para receber a cabeça umeral.  Esses movimentos incluem rotação externa (afastando o ângulo inferior da coluna), inclinação posterior (basculando a glenóide para cima), rotação superior (elevando a cavidade glenóide) e translação lateral (movendo a escápula lateralmente ao longo do tórax). As demais alternativas descrevem combinações de movimentos incompatíveis com a retração escapular. Por exemplo, a rotação interna e a translação medial (alternativa C)  aproximam o ângulo inferior da coluna,  o oposto do que ocorre na retração.  A rotação inferior da escápula (alternativa D) abaixa a cavidade glenóide, também incorreto.
",,False
58af4906-8b66-4ed8-a366-e253259495bb,TEOT 2023,Anatomia,Vias de acesso do cotovelo,"A abordagem de KOCHER no cotovelo ocorre entre os músculos ""1"" e ""2"" que são, respectivamente,",extensor dos dedos e ancôneo.,extensor ulnar do carpo e ancôneo.,extensor radial curto do carpo e extensor dos dedos.,extensor radial longo do carpo e extensor radial curto do carpo.,B,extensor ulnar do carpo e ancôneo.,CAMPBELL'S,"A resposta correta é de fato a alternativa B. A abordagem de Kocher, classicamente utilizada para redução e fixação de fraturas do capitelo radial,  é realizada através de uma incisão lateral no cotovelo, dissecando entre o extensor ulnar do carpo (medialmente) e o músculo ancôneo (lateralmente). A imagem demonstra claramente a divulsão entre esses dois músculos, sendo o ancôneo (2) o músculo mais posterior e o extensor ulnar do carpo (1) o mais anterior na dissecção.  Vale lembrar que o nervo ulnar corre posteriormente ao epicôndilo medial e deve ser cuidadosamente protegido durante essa abordagem. As outras alternativas apresentam músculos que não fazem parte dos limites da via de acesso de Kocher.
",,False
d7263bcc-7aa0-41f3-a3fb-c209c094856a,BANCO PRÓPRIO,Cirurgia do Ombro e Cotovelo,Deformidade de Sprengel,A deformidade de SPRENGEL (escápula alta congênita) está frequentemente associada à presença de,escoliose congênita do tipo falha de segmentação.,síndrome de MARFAN e frouxidão ligamentar.,paralisia obstétrica do plexo braquial.,síndrome de KLIPPEL-FEIL e osso omovertebral.,D,síndrome de KLIPPEL-FEIL e osso omovertebral.,GERALDO MOTA,"Gabarito D. A Deformidade de SPRENGEL é a anomalia congênita mais comum da escápula, causada por uma falha na descida embrionária. Ela tem uma associação clássica com o osso omovertebral (uma conexão óssea ou fibrocartilaginosa da escápula com a coluna cervical) em cerca de 25-30% dos casos. Além disso, está fortemente ligada a outras anomalias vertebrais cervicais, notadamente a síndrome de KLIPPEL-FEIL (fusão de vértebras cervicais).",,False
a3121418-7bec-4fcd-b421-98bdc1dd14a0,TARO 2015,Cirurgia do Quadril,Fraturas Subtrocanterianas,"Durante o tratamento cirúrgico da fratura subtrocanteriana do fêmur, com haste cefalomedular, é indicação de revisão imediata da síntese",o desvio em varo de 10 graus.,o desvio rotacional de 10 graus.,"o encurtamento de 2,5 cm.",a flexão do fragmento proximal de 15 graus.,C,"o encurtamento de 2,5 cm.",ROCKWOOD'S,"Se for observada uma malrotação superior a 15 graus ou uma discrepância de comprimento dos membros superior a 2 cm, a revisão cirúrgica deve ser realizada sob a mesma anestesia.",,False
1f3ef081-637e-49e8-bb56-b3dd86fd2a8a,TARO 2015,Cirurgia do Quadril,Artroscopia de quadril,"Na artroscopia do quadril, a lesão do nervo cutâneo femoral lateral é uma complicação que ocorre com a",medialização do portal anterior.,lateralização do portal anterior.,medialização do portal anterolateral.,lateralização do portal anterolateral.,A,medialização do portal anterior.,CAMPBELL'S,O nervo cutâneo femoral lateral também pode ser danificado se o portal anterior for colocado muito medialmente.,,False
acde16a8-e438-4bdf-92a9-5a00f7da761f,TARO 2025,Ciência Básica,Exame Físico da Coluna,"Na semiologia da coluna, a manobra na qual a unha do dedo médio é resvalada, desencadeando a flexão da falange distal do indicador e do polegar, é conhecida como",sinal de HOFFMAN.,sinal de LHERMITTE.,teste de SPURLING.,sinal de OPPENHEIM.,A,sinal de HOFFMAN.,GERALDO MOTA,"Gabarito: A. O sinal de Hoffman é um reflexo tendíneo longo patológico dos membros superiores, sugestivo de compressão medular cervical ou disfunção do neurônio motor superior. É realizado segurando o dedo médio do paciente pela falange proximal e fletindo a falange distal. Um teste positivo é observado quando há flexão involuntária do polegar e/ou indicador ipsilateral.  O sinal de Lhermitte é uma sensação de choque elétrico que percorre a coluna e os membros, desencadeada pela flexão do pescoço. O teste de Spurling avalia a radiculopatia cervical por meio da extensão e rotação lateral do pescoço, com compressão axial. O sinal de Oppenheim é um reflexo patológico dos membros inferiores, evocado pela fricção firme da tíbia, e indica lesão do neurônio motor superior.
",,False
01cff4b0-9e66-4645-9c2a-0c711aff5a12,TARO 2018,Cirurgia do Quadril,Fraturas Subtrocanterianas,"Nas fraturas subtrocantéricas com desvio, o fragmento proximal está em flexão,",adução e rotação lateral.,adução e rotação medial.,abdução e rotação lateral.,abdução e rotação medial.,C,abdução e rotação lateral.,CAMPBELL'S,"Os resultados dessas inserções musculares incluem abdução, rotação externa e flexão do fragmento proximal e medialização do fragmento distal.",,False
41b7cf70-91ee-4356-a6c5-0a3f7ee4cf5f,TARO 2020,Cirurgia do Quadril,Fraturas do anel pélvico,"No manejo inicial da lesão do anel pélvico tipo B1 de TILE, a redução é realizada com os membros inferiores em",flexão e adução.,flexão e abdução.,rotação interna e adução.,rotação interna e abdução.,C,rotação interna e adução.,SIZÍNIO,"A rotação interna e a adução dos membros também ajudam a reduzir deformidades em rotação externa do anel pélvico (lesão em livro aberto, tipo B1).",,False
ee9b5ad7-e449-4682-a1fe-02917dca8059,TEOT 2023,Cirurgia do Quadril,Fraturas da Cabeça do Fêmur,"Na fratura da cabeça do fêmur, de acordo com a classificação de PIPKIN, a necrose avascular é mais frequente nos tipos",I e II.,I e III.,II e III.,III e IV.,B,I e III.,ROCKWOOD'S,"Gabarito correto: **B**.  A classificação de Pipkin descreve as fraturas da cabeça femoral associadas à luxação do quadril.  Os tipos I e III têm maior risco de necrose avascular. O tipo I  é uma fratura abaixo da fóvea, enquanto o tipo III envolve uma fratura da cabeça femoral + fratura do acetábulo.  A localização da fratura no tipo I  compromete a vascularização retinacular da cabeça femoral, predispondo à necrose avascular. No tipo III, a fratura acetabular associada aumenta ainda mais o dano vascular e, consequentemente, o risco de necrose avascular.  Os tipos II e IV, apesar de graves, não apresentam a mesma propensão à necrose avascular que os tipos I e III. O tipo II é uma fratura acima da fóvea e o tipo IV é uma fratura da cabeça + fratura do colo femoral.
",,False
3ebbd2a4-4af1-4ada-846a-2c136eeca884,TARO 2020,Cirurgia do Quadril,Fraturas Transtrocanterianas,"Na fratura transtrocantérica, a fratura mais frequentemente associada é a da extremidade distal do",rádio ipsilateral.,rádio contralateral.,úmero ipsilateral.,úmero contralateral.,A,rádio ipsilateral.,ROCKWOOD'S,"Em quedas de baixa energia que resultam em fraturas de quadril, as lesões associadas mais comuns são fraturas do rádio distal ou úmero proximal ipsilaterais.",,False
97c3d18d-7664-4076-ad4b-bb46efa9218c,BANCO PRÓPRIO,Cirurgia do Ombro e Cotovelo,Outras síndromes compressivas dos membros superiores,"Na síndrome de hiperabdução do ombro descrita por WRIGHT, estruturas neurovasculares passando pelo tórax são comprimidas ao nível do coracoide pelo músculo",deltoide.,peitoral maior.,coracobraquial.,peitoral menor.,D,peitoral menor.,CAMPBELL'S,"Gabarito correto: D. A síndrome da hiperabdução, ou síndrome de Wright, descreve a compressão do feixe neurovascular (plexo braquial e artéria e veia axilares) no espaço costoclavicular, entre o peitoral menor, a clavícula e a primeira costela.  A abdução e rotação externa do ombro tensionam o peitoral menor, diminuindo esse espaço e causando os sintomas.  O teste de Wright, realizado com a palpação do pulso radial enquanto o paciente realiza hiperabdução e rotação externa do ombro, auxilia no diagnóstico. As demais alternativas apresentam músculos que não participam da compressão neurovascular nesse espaço anatômico descrito na síndrome de Wright.  O peitoral maior, por exemplo, insere-se no úmero e não tem relação direta com o espaço costoclavicular. O coracobraquial, embora se origine do processo coracoide, não comprime o feixe neurovascular na síndrome de Wright. O deltoide, principal abdutor do ombro, também não está envolvido na compressão neurovascular característica dessa síndrome.
",,False
13f7c192-109e-4f4d-8bd6-2933612c7d64,TARO 2022,Ortopedia Pediátrica,Escoliose Congênita e neuromuscular,A escoliose congênita representada na imagem a seguir demonstra defeito de,segmentação com barra unilateral.,segmentação com vértebra em bloco.,formação com hemivértebra semissegmentada.,formação com hemivértebra completamente segmentada.,D,formação com hemivértebra completamente segmentada.,TACHDIJAN'S,"A imagem ilustra uma falha unilateral completa de formação, resultando em uma hemivértebra completamente segmentada, que é um dos tipos de defeito de formação.",,False
23337a7b-6150-4888-9fb6-8b7703e0bc88,TARO 2022,Cirurgia do Quadril,Fraturas do anel pélvico,"Na fratura do anel pélvico, é achado radiográfico sugestivo de cisalhamento vertical a",fratura isolada dos ramos.,fratura do córtex sacral anterior.,"diástase da sínfise púbica de 2,5 cm.",fratura do processo transverso de L5.,D,fratura do processo transverso de L5.,GERALDO MOTA,"A lesão por cisalhamento vertical ocorre quando o vetor de força é dirigido para cima... Além do deslocamento cefálico da hemipelve, a fratura avulsão ipsilateral do processo transverso de L5 é característica.",,False
d2f7e7aa-8da1-46ba-8e76-89ccb24bd427,TARO 2024,Ciência Básica,Traumatismo Raquimedular e síndrome da cauda equina,"No trauma raquimedular, a síndrome incompleta mais comum é a",medular central.,medular anterior.,do cone medular.,medular posterior.,A,medular central.,CAMPBELL'S,"Gabarito: A. A síndrome medular central é, de fato, a síndrome incompleta mais comum no trauma raquimedular. Tipicamente, ocorre após um mecanismo de hiperextensão cervical, principalmente em pacientes com doença degenerativa pré-existente, causando compressão da medula espinhal no canal vertebral estreitado.  Clinicamente, caracteriza-se por maior comprometimento motor nos membros superiores em relação aos inferiores, com variável perda sensorial abaixo do nível da lesão. As outras síndromes medulares incompletas, como a anterior (perda da função motora, dor e temperatura com preservação da propriocepção), posterior (perda da propriocepção com preservação da função motora, dor e temperatura) e do cone medular (disfunção de bexiga e intestino, anestesia em sela com preservação variável da função motora dos membros inferiores), são menos frequentes que a central.
",,False
1d9e0e2a-5209-4d9c-866d-6954a207cc26,TEOT 2025,Cirurgia do Quadril,Fraturas do Colo do Fêmur,"Na fratura do colo femoral, a artroplastia total do quadril com duplo acesso é mais comumente indicada no acesso","anterior, com maior risco de necrose avascular.","anterior, com menor risco de necrose avascular.","posterior, com menor risco de necrose avascular.","posterior, com maior risco de necrose avascular.",A,"anterior, com maior risco de necrose avascular.",ROCKWOOD'S,"Gabarito A. Esta questão é altamente problemática e conceitualmente incorreta. O suprimento sanguíneo principal da cabeça femoral (artéria circunflexa medial) corre posteriormente e é colocado em risco pelo acesso POSTERIOR. O acesso ANTERIOR (DAA) foi desenvolvido para preservar essa vascularização (menor risco de NAV). Além disso, a NAV é uma complicação da fratura (ou da osteossíntese), sendo irrelevante na Artroplastia Total (ATQ), que resseca a cabeça. A questão e o gabarito contradizem o conhecimento anatômico padrão.",,False
7cc17095-f72d-4b15-9bca-742c65e7a9b4,TARO 2023,Ciência Básica,Traumatismo Raquimedular e síndrome da cauda equina,"Na lesão medular incompleta caracterizada por tetraparesia que acomete mais os membros superiores que os inferiores, o tipo, mecanismo e a faixa etária mais comuns são",medular anterior por hiperflexão em idosos.,medular anterior por hiperflexão em jovens.,medular central por hiperextensão em idosos.,medular central por hiperextensão em jovens.,C,medular central por hiperextensão em idosos.,CAMPBELL'S,"A síndrome do cordão central é a mais comum. Geralmente, os pacientes têm uma tetraparesia envolvendo os membros superiores em maior grau do que os membros inferiores. Esta síndrome geralmente resulta de uma lesão por hiperextensão em um indivíduo mais velho com osteoartrite pré-existente da coluna vertebral.",,False
166520f9-cd46-430f-a410-21b1a2818e27,TEOT 2023,Ciência Básica,Biomecânica do Cotovelo,"Na biomecânica do cotovelo, a força máxima de flexão ocorre em",30 graus.,45 graus.,90 graus.,130 graus.,C,90 graus.,CAMPBELL'S,"Gabarito: C. A força de flexão do cotovelo é máxima com o cotovelo fletido a 90 graus.  Isso se deve à melhor relação comprimento-tensão do bíceps braquial, principal flexor do cotovelo, nesta posição,  permitindo a geração de força ideal.  Com o cotovelo em extensão (alternativas A e B) ou em  flexão acima de 90 graus (alternativa D), a eficiência mecânica do bíceps e braquial  diminui, reduzindo a força de flexão.  Vale lembrar que outros músculos como o braquiorradial  também contribuem para a flexão, mas com menor impacto na força máxima gerada.
",,False
475da04e-6bbd-4fa5-bada-8b416ff718c1,TARO 2020,Ortopedia Pediátrica,Síndrome compartimental,"Na síndrome compartimental da criança, o sintoma mais relevante para o diagnóstico é a",dor.,agitação.,parestesia.,ausência de pulso.,B,agitação.,ROCKWOOD'S PED,"Os ""três As"" podem ser mais úteis para fazer o diagnóstico de síndrome compartimental na população pediátrica: Ansiedade, agitação e aumento da necessidade de analgesia.",,False
b0c09d9b-5314-4045-be5e-ea4a21e4db0c,TARO 2017,Ortopedia Pediátrica,Pé Talus Vertical,"No pé talo vertical, há contratura",do tibial anterior.,da fáscia plantar.,do tibial posterior.,do flexor longo do hálux.,A,do tibial anterior.,LOVELL'S,"A maioria encontrou contraturas do tibial anterior, extensor longo do hálux, extensor curto do hálux, fibular terceiro, fibular longo, fibular curto e tendão de Aquiles.",,False
5fd44001-bdd1-46b9-8b18-5d73aaddb767,BANCO PRÓPRIO,Cirurgia do Ombro e Cotovelo,Deformidade de Sprengel,A indicação de tratamento cirúrgico na deformidade de SPRENGEL baseia-se principalmente,no grau de deformidade estética e na limitação funcional da abdução.,na presença isolada do osso omovertebral na radiografia.,na idade do paciente superior a 10 anos para evitar recidiva.,na associação com escoliose neuromuscular de alto valor angular.,A,no grau de deformidade estética e na limitação funcional da abdução.,GERALDO MOTA,"Gabarito A. A cirurgia (ex: procedimento de WOODWARD ou GREEN modificado) não é indicada em todos os casos. As indicações são reservadas para deformidades estéticas significativas (classificação de CAVENDISH) e, crucialmente, para limitação funcional da abdução do ombro (geralmente abaixo de 100-110 graus), causada pela fixação óssea (osso omovertebral) ou rigidez dos tecidos moles. A idade ideal para a cirurgia é entre 3 e 8 anos; operar após os 10 anos (distrator C) aumenta o risco de lesão do plexo braquial.",,False
6b605b5c-4c9c-404b-ab5b-87e8b729f72e,TARO 2023,Ortopedia Pediátrica,Pé Talus Vertical,"No tratamento de pé talo vertical, a técnica minimamente invasiva que utiliza manipulações e trocas gessadas tipo PONSETI reverso é a descrita por",MANN.,DOBBS.,MOSCA.,STAHELI.,B,DOBBS.,LOVELL'S,"Em 2006, Dobbs et al. relataram o primeiro estudo mostrando a manutenção a curto prazo de uma boa correção em 19 deformidades idiopáticas congênitas de tálus vertical tratadas com gesso tipo Ponseti reverso, seguido por cirurgia minimamente invasiva.",,False
629e0958-0a08-4e87-ab8d-ad1f04fa113c,TARO 2021,Ortopedia Pediátrica,Síndrome compartimental,"Na síndrome compartimental na perna da criança, o preditor mais forte para seu desenvolvimento é",a baixa idade.,o peso > 50 kg.,o déficit neurológico.,a cominuição da fratura.,A,a baixa idade.,ROCKWOOD'S PED,A juventude foi o preditor mais forte para o desenvolvimento de Síndrome Compartimental.,,False
7cd5b4d6-f1af-493f-8312-1479a6e2a5bf,TEOT 2025,Ciência Básica,Exame Físico da Coluna,"Na propedeutica da coluna vertebral, podemos afirmar que o sinal de HOFFMAN é um reflexo",fisiológico e sua ausência sugere compressão medular.,fisiológico e sua presença sugere normalidade da medula espinhal.,patológico e sua presença sugere mielopatia em qualquer nivel.,patológico e sua presença sugere mielopatia no nivel ou acima de C5C6.,D,patológico e sua presença sugere mielopatia no nivel ou acima de C5C6.,CAMPBELL'S,"O gabarito correto é a letra D. O sinal de Hoffman é um reflexo patológico que sugere a presença de mielopatia a nível cervical, geralmente em C5-C6 ou acima.  Ele é elicitado segurando-se o dedo médio do paciente e fletindo a falange distal. Um teste positivo se caracteriza pela flexão do polegar e/ou indicador ipsilateral.  Embora possa ser encontrado em indivíduos saudáveis, sua presença, principalmente de forma assimétrica, deve levantar suspeita para compressão medular cervical.  A alternativa A está incorreta, pois o sinal de Hoffman não é fisiológico. A alternativa B também está incorreta, pois sua presença não indica normalidade, mas sim, potencial patologia. A alternativa C está incorreta, pois embora sugira mielopatia, a localização mais provável da lesão é cervical e não em qualquer nível.
",,False
9948b0a6-ab68-47d4-aefc-7975bbe427e3,TARO 2019,Cirurgia do Quadril,Displasia de desenvolvimento do quadril,A osteotomia periacetabular de BERNESSE é indicada no tratamento da displasia congruente do quadril com o ângulo centro borda,inferior a 20° e TÖNNIS grau 0.,superior a 20° e TÖNNIS grau 0.,inferior a 20° e TÖNNIS grau 2.,superior a 20° e TÖNNIS grau 2.,A,inferior a 20° e TÖNNIS grau 0.,CAMPBELL'S,"A osteotomia periacetabular está claramente indicada para pacientes jovens sintomáticos com displasia do quadril esfericamente congruente, um ângulo LCE inferior a 20 graus e alterações artríticas mínimas ou ausentes (grau Tönnis 0 ou 1).",,False
235687ac-be56-43a6-9243-4741d1ab6f66,TARO 2019,Cirurgia do Quadril,Impacto fêmoro-acetabular,"Na síndrome dolorosa do quadril, no impacto femoroacetabular extra-articular posterior, frequentemente encontra-se",aumento da anteversão e aumento da rotação externa.,aumento da anteversão e diminuição da rotação externa.,diminuição da anteversão e aumento da rotação externa.,diminuição da anteversão e dimuição da rotação externa.,B,aumento da anteversão e diminuição da rotação externa.,CAMPBELL'S,O tipo posterior de impacto extra-articular... Estes quadris tendem a ter aumento da anteversão femoral com rotação externa limitada clinicamente.,https://i.imgur.com/NcFuyRX.png,False
624173bc-252c-4ed9-8a7a-f454985ebced,TEOT 2021,Anatomia,Vias de acesso do joelho,"No acesso posteromedial ao joelho visualizado na imagem a seguir, descrito por GALLA e LOBEHOFFER e modificado por FAKLER, a dissecção ocorre entre",o grácil e o semitendíneo.,o semitendíneo e o semimembranoso.,o grácil e o gastrocnêmio medial.,o semimembranoso e o gastrocnêmio medial.,D,o semimembranoso e o gastrocnêmio medial.,CAMPBELL'S,"Gabarito: D. A descrição da via posteromedial de acesso cirúrgico ao joelho, como proposta por Galla e Lobehoffer e posteriormente modificada por Fakler, envolve a dissecção entre os músculos semimembranoso e gastrocnêmio medial. Essa via oferece uma exposição adequada das estruturas posteromediais do joelho, como o canto posteromedial, o ligamento colateral medial posterior e o menisco medial posterior, sendo especialmente útil em procedimentos como liberações de contraturas em flexão, reparos de lesões ligamentares e meniscais posteriores, bem como ressecções de cistos poplíteos.  As outras alternativas descrevem planos de dissecção que não correspondem à via posteromedial clássica.  A dissecção entre o grácil e o semitendíneo (A), ou entre este último e o semimembranoso (B), levaria a planos mais anteriores no compartimento medial da coxa. Já a dissecção entre o grácil e o gastrocnêmio medial (C) não exporia adequadamente as estruturas articulares posteriores do joelho.
",https://i.imgur.com/BXs17E5.jpeg,False
51ee109b-f054-4da9-9e1b-e38d58bf0c2e,TARO 2018,Ciência Básica,Biomecânica do Joelho,A atividade de vida diária que mais exige flexão do joelho é,correr.,caminhar.,subir escadas.,descer escadas.,D,descer escadas.,CAMPBELL'S,"Em estudos cinemáticos... a marcha normal exigiu 67 graus de flexão... 83 graus para subir escadas, 90 graus para descer escadas e 93 graus para levantar de uma cadeira.",,False
663284b0-e27b-44dd-9847-b74e3cb49da7,TARO 2017,Cirurgia do Ombro e Cotovelo,Lesões dos Nervos Periféricos e do plexo braquial,"Na lesão do nervo axilar, ocorre hipoestesia no braço nas faces",lateral e inferior.,medial e inferior.,lateral e superior.,medial e superior.,C,lateral e superior.,ROCKWOOD'S,Hipoestesia sobre o aspecto lateral do braço proximal sugere uma lesão do nervo axilar.,,False
570114d3-f765-4614-981b-e65f8eed1f25,TARO 2018,Ortopedia Pediátrica,Fraturas da coluna na criança,"Na lesão lombar da criança, a fratura da placa terminal é mais comum no gênero",feminino e no segmento L3-L4.,feminino e no segmento L4-L5.,masculino e no segmento L3-L4.,masculino e no segmento L4-L5.,D,masculino e no segmento L4-L5.,JUPITER,"A lesão ocorre em L4-L5 ou L5-S1 em 92% dos casos... A entidade foi observada mais comumente em homens na proporção de 2,85 para 1.",,False
e73b7d09-3c2b-4b8f-bcf8-7f9718b19e62,TEOT 2023,Ciência Básica,Traumatismo Raquimedular e síndrome da cauda equina,"No trauma raquimedular, após o nível da lesão ter sido estabelecido, a gliose da medula espinhal surge em aproximadamente",um dia.,três dias.,sete dias.,quinze dias.,C,sete dias.,ROCKWOOD'S,"Gabarito correto: **C**. A gliose, que representa a proliferação de astrócitos e formação de tecido cicatricial glial na medula espinhal após uma lesão traumática, inicia-se por volta de 7 dias após o trauma.  Nos primeiros dias (1 a 3 dias), o processo inflamatório agudo predomina, com infiltrado de neutrófilos e macrófagos.  A partir da primeira semana, inicia-se a proliferação astrocitária e a formação da cicatriz glial, que se consolida em algumas semanas, representando um obstáculo para a regeneração axonal.  Portanto, as alternativas ""A"" (um dia), ""B"" (três dias) e ""D"" (quinze dias) não correspondem ao período inicial da gliose.
",,False
a452ab85-cc26-49a4-acb4-b4cf4aae72da,TARO 2021,Ortopedia Pediátrica,Fraturas da coluna na criança,A lesão cervical em menor de 8 anos de idade é mais comum no segmento atlantoaxial devido a,cabeça menor comparada ao corpo.,facetas articulares mais verticalizadas.,maior tendência à translação posterior.,maior mobilidade por causa da frouxidão ligamentar.,D,maior mobilidade por causa da frouxidão ligamentar.,ROCKWOOD'S PED,"A coluna imatura é hipermóvel devido à frouxidão ligamentar, e as articulações facetárias são orientadas em uma posição mais horizontal; ambas as propriedades predispõem as crianças a uma maior translação anterior.",,False
ffaa8f80-4eb1-4c74-8b9b-0336799fdbdb,TARO 2017,Cirurgia do Quadril,Fraturas do Colo do Fêmur ,"Na fratura do colo femoral, a incidência radiográfica que permite melhor visualização do desvio dos fragmentos é a de",LOWENSTEIN.,DUCOS-LAFFITE.,anteroposterior com rotação externa de 15°.,anteroposterior com rotação interna de 15°.,D,anteroposterior com rotação interna de 15°.,SIZÍNIO,A incidência anteroposterior com o membro em 15 graus de rotação interna é crucial para anular a anteversão femoral e visualizar melhor o colo e possíveis traços de fratura.,,False
e0a55488-a50c-4f9a-9361-92d68499f6e0,BANCO PRÓPRIO,Cirurgia do Ombro e Cotovelo,Capsulite Adesiva,"Na capsulite adesiva, o fator mais significativo para o desenvolvimento é",ter mais de 49 anos.,ser do gênero feminino.,ser portador de_diabetes mellitus_.,ter história de imobilização do ombro.,C,ser portador de_diabetes mellitus_.,CAMPBELL'S,"Gabarito: C. A capsulite adesiva, também conhecida como ""ombro congelado"", tem como principal fator de risco o diabetes mellitus, com incidência  de 10% a 20%  nesses pacientes, significativamente maior que na população em geral.  Pacientes com diabetes tipo I têm maior risco de desenvolver capsulite adesiva em comparação com pacientes com diabetes tipo II. Outros fatores de risco incluem hipotireoidismo, doenças cardíacas, doença de Parkinson e AVC.  A idade, o sexo feminino e a imobilização, embora possam estar associados, não são os fatores de risco *mais* significativos para o desenvolvimento da capsulite adesiva, como o diabetes.  A imobilização, especificamente, é mais vista como um fator  *precipitante*  do que um fator de risco propriamente dito, geralmente associada a dor e inflamação pré-existentes.
",,False
0a3d48b6-773f-4829-ab9d-633ccbec3648,TARO 2025,Cirurgia do Quadril,Vias de acesso do quadril,"Na via de acesso do quadril de WATSON-JONES, é necessária a dissecção do intervalo entre os músculos",glúteo mínimo e tensor da fáscia lata.,glúteo médio e tensor da fáscia lata.,glúteo mínimo e sartório.,glúteo médio e sartório.,B,glúteo médio e tensor da fáscia lata.,CAMPBELL'S,"Gabarito correto: **B**. A via de acesso anterolateral de Watson-Jones é realizada através da dissecção internervosa entre o músculo glúteo médio (nervo glúteo superior) e o tensor da fáscia lata (nervo glúteo superior). Essa via tem como principal vantagem a preservação da abdução do quadril, por não lesionar o glúteo médio, e menor risco de luxação, por preservar os músculos anteriores.  As outras alternativas estão incorretas, pois citam músculos que não delimitam o intervalo utilizado nessa via de acesso. O sartório, por exemplo, é medial ao tensor da fáscia lata e o glúteo mínimo é posterior ao glúteo médio.
",,False
b89e68d6-9b1e-40a4-84c6-cea80d210562,TARO 2020,Ortopedia Pediátrica,Osteocondrite dissecante do joelho,"Na osteocondrite dissecante do joelho da criança, é uma indicação de tratamento cirúrgico",o acometimento bilateral.,a presença de fise aberta.,a dor e persistência do quadro por 3 meses.,a persistência do quadro após fechamento da fise.,D,a persistência do quadro após fechamento da fise.,CAMPBELL'S,"Indicações específicas para o tratamento operatório da osteocondrite dissecante em crianças são dor prolongada sem evidência de cicatrização durante um período de 6 meses, uma lesão não cicatrizada na qual os sintomas persistem após o fechamento da fise, uma lesão esclerótica na cratera (lesão instável) e um corpo livre problemático.",,False
97966d8f-dc18-403e-aa6b-6f1787f2e059,TARO 2021,Cirurgia do Quadril,Luxações do Quadril,"Nas luxações posteriores do quadril, para ocorrer fratura da borda acetabular ou cisalhamento da cabeça femoral, o fêmur deve estar",mais aduzido e com rotação interna.,mais aduzido e com rotação externa.,menos aduzido e com rotação externa.,menos aduzido e com rotação interna.,D,menos aduzido e com rotação interna.,ROCKWOOD'S,"Menos adução ou menos rotação interna favorece uma fratura-luxação, que pode ocorrer com uma fratura da parede posterior ou uma lesão de cisalhamento da cabeça femoral.",,False
445c3ed5-0ebd-4800-9548-197013017821,TARO 2022,Cirurgia do Quadril,Artroscopia de quadril,"Na artroscopia de quadril, o nervo representado na figura a seguir, pode ser lesionado durante a realização do portal",anterior.,posterior.,anterolateral.,posterolateral.,C,anterolateral.,CAMPBELL'S,O portal anterolateral perfura o músculo glúteo médio e depois a cápsula do quadril. A estrutura neurovascular mais próxima é o nervo glúteo superior.,https://i.imgur.com/c1FEqpo.png,False
a1568f64-e7c7-476e-8576-aaf23b866090,TARO 2016,Cirurgia do Quadril,Fraturas do acetábulo,"Na fratura da parede anterior do acetábulo, o mecanismo de trauma é uma força aplicada no trocanter maior, com o quadril em",rotação lateral de 20 graus e adução.,rotação medial de 20 graus e abdução.,rotação lateral de 20 graus e adução/abdução neutra.,rotação medial de 20 graus e adução/abdução neutra.,D,rotação medial de 20 graus e adução/abdução neutra.,ROCKWOOD'S,A tabela mostra que uma força ao longo do eixo do colo femoral (no trocânter maior) com o quadril em posição neutra de abdução/adução e 20 graus de rotação interna causa fratura da parede anterior.,,False
ee9269dd-b2fa-4e29-a59b-0a965ce81a97,TEOT 2023,Cirurgia do Quadril,Fraturas Transtrocanterianas,"No tratamento da fratura transtrocanteriana com sistema de placa-parafuso deslizante, o maior preditor de fratura da parede lateral é a",cominuição do calcar.,fratura com traço reverso.,fratura contralateral prévia.,espessura da parede lateral.,D,espessura da parede lateral.,CAMPBELL'S,"Gabarito: **D**. A espessura da parede lateral é o principal fator preditivo de fratura da parede lateral nas fraturas transtrocanterianas tratadas com placa deslizante.  Uma parede lateral fina (<10mm ou <25% do diâmetro da cabeça femoral) oferece menor suporte ao parafuso deslizante, predispondo à ""cut-out"" (corte) do parafuso através da cortical lateral e consequente falha da fixação.  A cominuição do calcar, o traço reverso e a fratura contralateral prévia são fatores importantes a serem considerados no planejamento cirúrgico, mas não têm a mesma relação direta com a fratura da parede lateral que a sua espessura.  A cominuição do calcar pode dificultar a redução e a estabilidade da fratura, mas não afeta diretamente a resistência da parede lateral.  O traço reverso aumenta a instabilidade, mas não é o principal preditor de corte.  A fratura contralateral prévia é um dado epidemiológico, sem impacto mecânico direto na fratura em questão.
",,False
268b944d-f5ea-465f-97c7-eaf37ce6c105,TARO 2018,Cirurgia do Quadril,Osteonecrose da cabeça femoral,"Na necrose asséptica da cabeça do fêmur, a osteotomia proximal do fêmur tem melhor indicação",nas lesões pós traumáticas.,nos estágios 1 e 2 de FICAT e ARLET.,nos pacientes com idade inferior a 65 anos.,nas lesões menores que 50% da cabeça femoral.,D,nas lesões menores que 50% da cabeça femoral.,CAMPBELL'S,Esses procedimentos alcançaram os melhores resultados para lesões de tamanho pequeno a médio (<30% de envolvimento da cabeça femoral) em pacientes jovens.,,False
6d1a3bfc-8052-4683-ba0e-d2625682bb1e,BANCO PRÓPRIO,Cirurgia do Quadril,Osteonecrose da cabeça femoral,"Na ressonância magnética do quadril, o sinal da dupla linha em T2 sugere",osteoporose transitória.,fratura oculta do colo do fêmur.,osteonecrose da cabeça do fêmur.,impacto femoroacetabular.,C,osteonecrose da cabeça do fêmur.,CAMPBELL'S,"Gabarito: C. A alternativa correta é a letra C, pois o sinal da dupla linha em T2 na ressonância magnética do quadril é um achado clássico, embora não patognomônico, de osteonecrose da cabeça femoral.  Esse sinal representa a interface entre o osso necrótico e o osso reativo circundante. A linha interna, de baixa intensidade de sinal, corresponde à interface entre medula óssea necrótica e tecido fibroso/granulação. A linha externa, de alta intensidade, representa a hiperemia e o edema da medula óssea reativa adjacente à necrose.  As outras alternativas estão incorretas. A osteoporose transitória não apresenta esse sinal específico na ressonância.  A fratura oculta do colo femoral pode apresentar edema na ressonância, mas não o padrão de dupla linha. O impacto femoroacetabular também não apresenta esse sinal específico, sendo diagnosticado por achados morfológicos na ressonância e/ou radiografia.
",,False
e7519240-f5d9-45f5-aab0-a911985b0db6,TARO 2016,Cirurgia do Quadril,Fraturas da Cabeça do Fêmur,"Na fratura da cabeça femoral, o fragmento livre localiza-se mais comumente na posição",anterolateral.,anteromedial.,posterolateral.,posteromedial.,D,posteromedial.,ROCKWOOD'S,"A linha de fratura da cabeça femoral está tipicamente a 25-45 graus do eixo coronal, com o fragmento livre localizado posteromedialmente.",,False
11f0fba3-2ce5-44a9-9a32-56a96b048cfa,BANCO PRÓPRIO,Cirurgia do Ombro e Cotovelo,Síndrome do desfiladeiro torácico,"Na síndrome do desfiladeiro torácico, é positivo o teste de",ADSON.,ALLEN.,HOOVER.,KERNING.,A,ADSON.,FALLOPA,"Gabarito: A. O teste de Adson é um dos testes utilizados para avaliar a síndrome do desfiladeiro torácico (SDT), especificamente a compressão na região interescalênica.  Neste teste, o paciente senta-se com os braços apoiados nas coxas.  O examinador palpa o pulso radial enquanto o paciente realiza uma inspiração profunda, estende o pescoço e gira a cabeça em direção ao lado examinado.  A diminuição ou desaparecimento do pulso radial sugere compressão da artéria subclávia pelo músculo escaleno anterior, indicando um teste positivo.  O teste de Allen avalia a circulação colateral da mão. O teste de Hoover avalia simulação em pacientes com fraqueza dos membros inferiores. O teste de Kerning avalia irritação meníngea.
",,False
0a25ecb2-990e-483b-8af1-628896c4fc9b,TARO 2022,Cirurgia do Quadril,Fraturas Transtrocanterianas,A fratura transtrocanteriana do fêmur está mais comumente associada à fratura do,Acetábulo ipsilateral.,Rádio distal ipsilateral.,Tornozelo contralateral.,Umero proximal contralateral.,B,Rádio distal ipsilateral.,ROCKWOOD'S,"Uma fratura de quadril trocantérica é geralmente uma lesão isolada. Para cerca de 4% dos pacientes, uma fratura adicional estará presente. As fraturas mais comumente associadas são uma fratura do rádio distal ipsilateral (2%) ou uma fratura do úmero proximal ipsilateral (1%).",,False
3d72899c-e60b-4d8d-a7cc-6476842935ea,TARO 2021,Cirurgia do Quadril,Fraturas do acetábulo,"Na fratura do acetábulo, a artroplastia total de quadril imediata está indicada para indivíduos idosos com fratura",da coluna anterior.,diafisária associada.,do colo do fêmur associada.,da dupla coluna com congruência secundária.,C,do colo do fêmur associada.,ROCKWOOD'S,A ATQ aguda pode ser muito útil em pacientes idosos que têm impactação articular severa e uma lesão da cabeça femoral. (A fratura do colo do fêmur é a principal lesão da cabeça femoral associada).,https://i.imgur.com/tOvtugv.png,False
c3ed03fb-482c-46d8-83b2-ad6d0df298ce,TEOT 2023,Ortopedia Pediátrica,Artrite reumatoide,"Na forma poliarticular da artrite idiopática juvenil, crianças com fator reumatoide positivo apresentam mais frequentemente acometimento",simétrico de grandes articulações.,simétrico de pequenas articulações.,assimétrico de grandes articulações.,assimétrico de pequenas articulações.,B,simétrico de pequenas articulações.,LOVELL'S,"Gabarito correto: B. A forma poliarticular da artrite idiopática juvenil (AIJ) com fator reumatoide positivo se assemelha à artrite reumatoide do adulto, com acometimento simétrico, principalmente de pequenas articulações das mãos e punhos.  A AIJ poliarticular sem fator reumatoide também pode afetar articulações maiores, como joelhos, tornozelos e cotovelos, mas o padrão simétrico e o envolvimento preferencial de pequenas articulações são características marcantes da AIJ poliarticular com fator reumatoide positivo, diferenciando-a das demais variantes. As alternativas “C” e “D”, que descrevem acometimento assimétrico, são mais características da AIJ oligoarticular. A alternativa “A”, apesar de mencionar acometimento simétrico,  é menos frequente em pacientes com fator reumatoide positivo, que tendem a apresentar envolvimento predominante das pequenas articulações.
",,False
e3ebfc3d-cd62-4d25-a4c8-15d57cbddd67,TARO 2025,Ortopedia Pediátrica,Síndrome de Klippel-Feil,"Uma forma de torcicolo congênito indolor que, geralmente, está associada a anomalias ósseas na coluna cervical está relacionada à",síndrome de GRISEL.,deformidade de ALFREDEL.,síndrome de KLIPPEL-FEIL.,deformidade de SPRENGEL.,C,síndrome de KLIPPEL-FEIL.,TACHDIJAN'S,"A resposta correta é a letra C. A síndrome de Klippel-Feil é uma forma de torcicolo congênito indolor que é associada a anomalias ósseas e falha de segmentação da coluna cervical. A síndrome de Grisel não é um torcicolo congênito, é adquirida e ocorre por uma subluxação rotatória de C1 sobre C2, geralmente após episódio de IVAS. A deformidade de Sprengel é uma alteração da escápula, que se mostra hipoplásica e alada, não tendo relação com torcicolo.",,False
eceb9e76-ca8c-46d3-ae00-f3d791e4743e,TARO 2021,Cirurgia do Quadril,Fratura diafisária do fêmur,"Para prevenir a discrepância dos membros inferiores durante a osteossíntese das fraturas multifragmentárias da diáfise femoral, devemos realizar",primeiramente a fixação distal.,o alinhamento anatômico do fêmur.,a mensuração do comprimento do fêmur comparando-o com o lado contralateral.,a avaliação da congruência e do diâmetro das corticais do fêmur no local da fratura.,C,a mensuração do comprimento do fêmur comparando-o com o lado contralateral.,SIZÍNIO,"A discrepância dos membros inferiores ocorre em cerca de 43% dos casos de fraturas multifragmentárias. O comprimento deve ser medido logo após a colocação da haste, comparando com o lado contralateral e corrigido no próprio ato cirúrgico.",,False
cd631a34-c1d7-4078-86e0-97a96f72dcab,TARO 2024,Cirurgia do Joelho,Princípios de osteossíntese,"Na osteossíntese intramedular para fratura proximal da tíbia, a angulação e o desvio mais comuns no fragmento proximal são, respectivamente",varo e anterior.,varo e posterior.,valgo e anterior.,valgo e posterior.,C,valgo e anterior.,CAMPBELL'S,"O gabarito está correto. A alternativa correta é a letra C.  Em fraturas proximais da tíbia tratadas com haste intramedular, o fragmento proximal tende a desviar em valgo e anterior.  Isso ocorre devido à inserção dos músculos isquiotibiais na tuberosidade tibial, que tracionam o fragmento proximal em flexão (e consequentemente, anteriorização) e rotação externa (resultando em valgo).  As outras alternativas apresentam combinações de desvio e angulação que não são as mais comuns nesse tipo de fratura.  Vale lembrar que o conhecimento dessa tendência é fundamental para o planejamento cirúrgico e para a prevenção de deformidades no pós-operatório.
",,False
de5c7430-0341-4108-910c-fc8c4dbec5c0,TEOT 2022,Cirurgia do Quadril,Luxações do Quadril,"Na luxação anterior do quadril, a lesão mais frequente e que predispõe a maior incidência de necrose da cabeça femoral é a fratura por",torção.,avulsão.,impacção.,cisalhamento.,C,impacção.,ROCKWOOD'S,"Gabarito: C. Nas luxações anteriores do quadril, a fratura da cabeça femoral por **impacção** é a lesão associada mais frequente e que predispõe à maior incidência de necrose avascular da cabeça femoral.  Isso ocorre porque a cabeça femoral impacta diretamente contra a margem posterior do acetábulo durante a luxação, frequentemente criando uma fratura por impacção ou depressão na região póstero-lateral da cabeça femoral.  Essa lesão interrompe o fluxo sanguíneo retinacular para a cabeça femoral, aumentando significativamente o risco de necrose avascular.  As fraturas por torção, avulsão e cisalhamento, embora possíveis em outras lesões do quadril, não são o mecanismo típico associado à luxação anterior e apresentam menor risco de necrose avascular quando comparadas à fratura por impacção.
",,False
95a3fd1c-ce7e-40a1-8535-633d3627392d,TARO 2022,Cirurgia do Quadril,Fratura diafisária do fêmur,"Na fratura diafisária do fêmur, a passagem da tração esquelética transfemoral deve ser realizada de",medial para lateral para evitar lesão do nervo femoral.,medial para lateral para evitar lesão da artéria femoral.,lateral para medial para evitar lesão do nervo femoral.,lateral para medial para evitar lesão da artéria femoral.,B,medial para lateral para evitar lesão da artéria femoral.,ROCKWOOD'S,"O pino é geralmente colocado de medial para lateral para evitar lesão da artéria femoral, que passa pelo hiato adutor no terço distal do fêmur, no lado medial.",,False
78f56587-d579-4321-a1ca-c5fc3bf1365e,TEOT 2023,Ortopedia Pediátrica,Fraturas da coluna na criança,"Na lesão cervical baixa na criança, o mecanismo de carga axial geralmente resulta em",fratura luxação.,fratura bifacetária.,fratura por explosão.,lesão do complexo ligamentar posterior.,C,fratura por explosão.,ROCKWOOD'S PED,"Gabarito: C. Fraturas em explosão do corpo vertebral são típicas em crianças e adolescentes no nível da coluna cervical inferior após um mecanismo de trauma com carga axial.  A relativa elasticidade ligamentar e a horizontalização das facetas articulares nessa faixa etária predispõem a esse tipo de fratura, onde o corpo vertebral sofre compressão e literalmente ""explode"", com fragmentos ósseos podendo ser deslocados para o canal vertebral.  As demais alternativas, como fratura-luxação, fratura bifacetária e lesão ligamentar posterior, são mais comuns em adultos, onde os ligamentos são mais resistentes e as facetas articulares mais verticalizadas, absorvendo a energia do trauma de forma diferente.  Na criança, a força compressiva axial se concentra no corpo vertebral ainda em desenvolvimento, resultando na fratura por explosão.
",,False
a1dac934-3421-410b-8587-05f42d504003,BANCO PRÓPRIO,Ciência Básica,Fraturas Expostas,"Na avaliação das fraturas diafisárias fechadas, o paciente vítima de trauma direito que apresenta abrasão profunda contaminada, edema e bolhas e está em sindrome compartimental iminente, é classificado por TSCHERNE como grau",1.,2.,3.,4.,C,3.,SIZÍNIO,"Gabarito: C. A classificação de Tscherne é utilizada para fraturas FECHADAS e leva em consideração a energia do trauma e consequentemente a lesão de partes moles. Fraturas expostas utilizam a classificação de Gustillo-Anderson.  Lesões com abrasão profunda, contaminação, edema e bolhas significativas, além de síndrome compartimental iminente (lesão grave de partes moles) correspondem ao grau 3 de Tscherne. O grau 1 corresponde a trauma de baixa energia com lesão de partes moles mínima ou ausente. O grau 2 apresenta trauma de alta energia com lesão de partes moles moderada (abrasão superficial, contusão muscular). E o grau 4 representa lesão vascular grave associada.
",,False
ea864e9a-ffdd-49c9-90ce-d3a3c277b697,TARO 2017,Metodologia Científica,Tipos de estudos clínicos,"Em um estudo clínico, o erro tipo I ou alfa consiste em",aceitar a hipótese nula quando ela é verdadeira.,aceitar a hipótese nula quando ela é falsa.,rejeitar a hipótese nula quando ela é verdadeira.,rejeitar a hipótese nula quando ela é falsa.,C,rejeitar a hipótese nula quando ela é verdadeira.,CAMPBELL'S,"Um erro tipo I (alfa) ocorre quando a hipótese nula é rejeitada, embora seja verdadeira (concluir que existe uma diferença quando não há).",https://i.imgur.com/CGDjGML.png,False
a7beb091-4a14-4bde-830c-174bcc19e07c,TARO 2025,Cirurgia do Quadril,Fraturas Subtrocanterianas,A deformidade característica encontrada no segmento proximal da fratura subtrocantérica é,"flexão, adução e rotação medial.","flexão, abdução e rotação lateral.","extensão, adução e rotação lateral.","extensão, abdução e rotação medial.",B,"flexão, abdução e rotação lateral.",ROCKWOOD'S,"O gabarito correto é, de fato, a letra B.  Fraturas subtrocanterianas, localizadas entre a região trocantérica e 5cm abaixo do pequeno trocânter,  sofrem influência predominante dos músculos glúteo médio e psoas, resultando no desvio clássico em flexão, abdução e rotação externa.  O psoas traciona o fragmento proximal em flexão, enquanto o glúteo médio, inserido no trocânter maior, abduz e roda externamente o fragmento proximal. As demais alternativas apresentam combinações de deformidades que não correspondem ao padrão biomecânico típico destas fraturas.  Vale lembrar que a deformidade pode variar de acordo com o nível da fratura e o grau de cominuição, mas o padrão ""FABER"" (Flexão, Abdução, Rotação Externa) é o que devemos ter em mente para o tratamento e redução dessas fraturas.
",,False
742ee93a-1145-490e-b541-d6b0311aebc1,TARO 2020,Cirurgia do Quadril,Artroscopia de quadril,"Na artroscopia do quadril, a lesão do nervo cutâneo femoral lateral é uma complicação que ocorre com a",medialização do portal anterior.,lateralização do portal anterior.,medialização do portal anterolateral.,lateralização do portal anterolateral.,A,medialização do portal anterior.,CAMPBELL'S,O nervo cutâneo femoral lateral também pode ser danificado se o portal anterior for colocado muito medialmente.,,False
572c76fa-a0ed-4583-80e9-d91f59f61fa0,TARO 2016,Cirurgia do Quadril,Artroplastias do quadril,O offset do componente femoral de uma prótese do quadril é representado na figura pela distância,AD.,BD.,BC.,CD.,C,BC.,CAMPBELL'S,"A imagem no AZAR, F. M.; BEATY, J. H. Campbell’s operative orthopaedics. 14. ed. Philadelphia: Elsevier, 2021. 's Operative Orthopaedics define o ""offset"" como a distância horizontal do centro de rotação da cabeça até a linha do eixo da haste. Na imagem da prova, isso corresponde à distância BC.",,False
7a9763a1-5568-4beb-822e-4852a0457588,TARO 2018,Ciência Básica,Semiologia Ortopédica Pediátrica,"Na avaliação da discrepância dos membros inferiores, o comprimento real do membro é a distância entre a",trocanter maior e o maléolo lateral.,trocanter maior e o maléolo medial.,espinha ilíaca anterossuperior e o maléolo lateral.,espinha ilíaca anterossuperior e o maléolo medial.,D,espinha ilíaca anterossuperior e o maléolo medial.,LOVELL'S,"O comprimento real da perna é uma medida de um ponto na pelve, a EIAS (espinha ilíaca ântero-superior), até o tornozelo (maléolo medial).",,False
857601c2-a947-4201-b0f0-d14f215fadcc,TARO 2022,Ortopedia Pediátrica,Fraturas da coluna na criança,"Na fratura tipo compressão da coluna toracolombar na criança, de acordo com a classificação de DENIS, a recomendação de estabilização cirúrgica ocorre a partir de",15° de angulação e 30% de acunhamento vertebral.,15° de angulação e 50% de acunhamento vertebral.,30° de angulação e 30% de acunhamento vertebral.,30° de angulação e 50% de acunhamento vertebral.,D,30° de angulação e 50% de acunhamento vertebral.,TACHDIJAN'S,"A referência original de Denis não é a citada, mas no Tachdjian, para fraturas por explosão, indica-se cirurgia para mais de 25° de cifose ou 50% de comprometimento do canal. Nenhuma opção corresponde, mas 30°/50% é a mais próxima dos critérios de instabilidade geralmente aceitos para compressão grave.",,False
1a8432ba-8bfb-444d-a1c7-a7c1c000032e,TARO 2024,Cirurgia do Ombro e Cotovelo,Osteonecrose da cabeça femoral,"Paciente do sexo feminino, 70 anos... fratura do terço proximal do úmero... No quarto mês... iniciou quadro de dor intensa... O provável diagnóstico da paciente é",osteomielite.,pseudartrose.,osteonecrose.,consolidação viciosa.,C,osteonecrose.,CAMPBELL'S,"O gabarito está correto. A osteonecrose avascular da cabeça umeral é uma complicação possível após fratura do colo cirúrgico do úmero, principalmente em pacientes idosos. A interrupção do fluxo sanguíneo para a cabeça umeral pode ocorrer devido à lesão direta dos vasos sanguíneos no momento da fratura ou secundariamente à formação de calo ósseo exuberante que comprime os vasos. A dor intensa no ombro, meses após a fratura, sugere fortemente esse diagnóstico.  Pseudartrose (B) também poderia causar dor, mas geralmente não tão intensa. Osteomielite (A) é menos provável na ausência de sinais infecciosos sistêmicos ou locais. Consolidação viciosa (D), embora possível, não costuma gerar dor intensa tardia como relatado no caso.
",,False
83b1447f-c820-4698-a944-50750731cb88,TARO 2019,Ortopedia Pediátrica,Displasia fibrosa,"Na fratura patológica da criança secundária à displasia fibrosa, a consolidação é","lenta, com calo endosteal normal.","lenta, com calo endosteal pobre.","rápida, com calo endosteal pobre.","rápida, com calo endosteal normal.",D,"rápida, com calo endosteal normal.",ROCKWOOD'S PED,"Embora as fraturas consolidem rapidamente, o calo endosteal é malformado e o calo periosteal é normal.",,False
1abe2f54-191b-4d1e-b6ab-a3e7420736a6,TEOT 2022,Ciência Básica,Lesões dos Nervos Periféricos e do plexo braquial,"A lesão nervosa com comprometimento de axônio, endoneuro e perineuro (fascículo) é classificada por SUNDERLAND como tipo",II.,III.,IV.,V.,C,IV.,GERALDO MOTA,"Gabarito: C. A classificação de Sunderland descreve 5 graus de lesão nervosa periférica. O tipo IV  envolve lesão do axônio, endoneuro, perineuro e epineuro, poupando apenas a camada mais externa, que é o mesoneuro.  A recuperação funcional espontânea é pobre e geralmente incompleta devido à formação de tecido cicatricial que impede a reinervação adequada, sendo frequentemente necessária a intervenção cirúrgica.  Na Sunderland II (axonotmese), há interrupção axonal com preservação do endoneuro, perineuro e epineuro. Na Sunderland III, há lesão do axônio, endoneuro e perineuro, com preservação do epineuro.  Já a Sunderland V caracteriza-se por completa transecção do nervo (neurotmese).
",,False
1abb2125-d472-4998-a492-d4f85e8958ef,TEOT 2025,Cirurgia do Quadril,Fraturas do anel pélvico,"Na fratura do anel pélvico, a lesão geniturinária ocorre mais comumente em",homens e a lesão mais comum é intraperitoneal.,homens e a lesão mais comum é extraperitoneal.,mulheres e a lesão mais comum é intraperitoneal.,mulheres e a lesão mais comum é extraperitoneal.,B,homens e a lesão mais comum é extraperitoneal.,ROCKWOOD'S,"Gabarito B. Lesões GU são comuns em fraturas pélvicas instáveis. 1) Sexo: São mais comuns em homens, devido à anatomia da uretra masculina (longa e fixa), que é vulnerável ao cisalhamento em fraturas do arco anterior. 2) Localização: A lesão de bexiga mais comum é a ruptura extraperitoneal, causada por perfuração direta por fragmentos ósseos dos ramos púbicos na parede anterior da bexiga.",,False
5795614d-d3ef-421c-af5f-eadb3f64bff4,TEOT 2022,Ciência Básica,Entorses do Tornozelo e fascíte plantar,"Na fratura por estresse nas mulheres, a frequência relativa em relação aos homens é",maior e acomete mais a tíbia e a fíbula.,menor e acomete mais a tíbia e a fíbula.,maior e acomete mais a pelve e o fêmur.,menor e acomete mais a pelve e o fêmur.,C,maior e acomete mais a pelve e o fêmur.,GERALDO MOTA,"O gabarito está correto. Mulheres atletas têm maior incidência de fraturas por estresse que homens, e os locais mais comuns são a pelve (principalmente o ramo púbico inferior) e o fêmur (colo femoral).  A tríade da atleta feminina, que contribui para essa maior suscetibilidade, inclui distúrbios alimentares (com consequente osteoporose/osteopenia), amenorreia e baixa densidade óssea.  As fraturas por estresse na tíbia e fíbula são mais comuns em homens, particularmente corredores de longa distância. Lembrem-se que a localização da fratura por estresse pode nos dar pistas importantes sobre a atividade física praticada pelo paciente, facilitando o diagnóstico e orientando o tratamento.
",,False
d8c114e5-406e-4eea-8ce3-b9263aaa1b70,TARO 2020,Ciência Básica,Traumatismo Raquimedular e síndrome da cauda equina,"No traumatismo raquimedular, a pressão arterial deve ser controlada com medicações vasopressoras com ação",a-agonista.,ß-agonista.,ß-antagonista.,a e ß-agonista.,D,a e ß-agonista.,CAMPBELL'S,"Agentes, como dobutamina, dopamina ou norepinefrina, com propriedades agonistas alfa e beta, são preferidos em vez de agonistas alfa puros.",,False
b7ade8f9-56b5-4662-bf6d-5978f83c9ce6,TARO 2023,Cirurgia do Quadril,Fraturas do anel pélvico,"Na lesão do anel pélvico, a fixação do pino de SCHANZ pela técnica supra-acetabular utiliza o ""sinal da lágrima"" como um dos parâmetros radiográficos. Este sinal representa",a tábua interna do ílio e o topo da incisura ciática maior inferiormente.,a tábua interna do ílio e o topo da incisura ciática menor inferiormente.,as tábuas interna e externa do ílio e o topo da incisura ciática maior inferiormente.,as tábuas interna e externa do ílio e o topo da incisura ciática menor inferiormente.,C,as tábuas interna e externa do ílio e o topo da incisura ciática maior inferiormente.,SIZÍNIO,"O ""sinal da lágrima"" representa as tábuas internas e externas do ílio e o topo da incisura ciática maior inferiormente.",,False
077372ca-4513-4751-83b3-2a36b0cf78cb,TEOT 2023,Cirurgia do Quadril,Fraturas do Colo do Fêmur ,"Na fratura do colo do fêmur no adulto, de acordo com a classificação de GARDEN, no tipo III a cabeça femoral encontra-se em",varo e flexão.,varo e extensão.,valgo e flexão.,valgo e extensão.,B,varo e extensão.,ROCKWOOD'S,"O gabarito correto é a letra B. A classificação de Garden para fraturas do colo femoral descreve a angulação da cabeça femoral em relação ao eixo do fêmur. No tipo I, temos uma fratura incompleta ou impactada em valgo. No tipo II, a fratura é completa sem desvio.  Já no tipo III, a cabeça femoral, apesar de ainda estar ""anatomicamente"" posicionada no acetábulo, encontra-se desviada em varo e extensão (ou rotação externa, dependendo da fonte consultada, sendo a extensão mais aceita atualmente). Finalmente, no tipo IV, a cabeça femoral está completamente desviada e sem contato com o acetábulo.  As alternativas A, C e D descrevem posicionamentos incompatíveis com a descrição da fratura Garden III.
",https://i.imgur.com/iYfwrGv.png,False
9f18cd75-e783-4d12-bfd5-ac7df539c675,TARO 2021,Ortopedia Pediátrica,Amputações,"Nas amputações em crianças, o sobrecrescimento do coto ósseo é mais frequente no",fêmur e melhor tratado com epifisiodese.,úmero e melhor tratado com epifisiodese.,fêmur e melhor tratado com enxerto osteocondral.,úmero e melhor tratado com enxerto osteocondral.,D,úmero e melhor tratado com enxerto osteocondral.,CAMPBELL'S,Ocorre mais frequentemente no úmero e na fíbula. A epifisiodese não obteve sucesso e é contraindicada. Resultados melhores foram obtidos cobrindo o osso com um enxerto epifisário (osteocondral).,,False
b788e05f-ab93-4ad2-bb8f-4db17489ce5c,TEOT 2024,Cirurgia do Joelho,Princípios de osteossíntese,"Na osteossíntese intramedular para fratura proximal da tíbia, o ponto de entrada da haste excessivamente medial provoca desvio da fratura",em varo.,em valgo.,para anterior.,para posterior.,B,em valgo.,ROCKWOOD'S,"Gabarito correto: B.  Um ponto de entrada medial demais para a haste intramedular na tíbia proximal leva a um desvio em valgo da fratura.  Isso ocorre porque a haste, ao ser inserida medialmente, exerce uma força lateral no fragmento distal, abrindo a fratura medialmente e resultando no alinhamento em valgo. Lembrem-se da importância de um ponto de entrada ideal, ligeiramente medial ao tubérculo de Gerdy, para evitar esse desvio e obter uma redução anatômica.  As demais alternativas descrevem desvios que não são tipicamente causados por uma entrada medializada da haste.
",,False
c5de40f8-ab49-4e41-8bd2-35da180e0d23,TARO 2019,Cirurgia do Quadril,Fraturas da Cabeça do Fêmur,A fratura da cabeça do fêmur associada a fratura do acetábulo é classificada por PIPKIN como tipo,I,II,III,IV,D,IV,JUPITER,A classificação de Pipkin para fraturas da cabeça femoral... O tipo IV é qualquer uma dessas lesões com uma fratura do acetábulo associada.,,False
22c77935-ac57-4d90-aaf6-d8bace575676,TARO 2022,Cirurgia do Quadril,Vias de acesso do quadril,"A via de acesso demonstrada nas figuras a seguir, é a descrita por",Osborne.,Hardinge.,McFarland.,McLauchlan,D,McLauchlan,CAMPBELL'S,"A imagem ilustra a via de acesso lateral transglútea ao quadril de Hay, modificada por McLauchlan, que envolve a elevação de fatias retangulares do trocânter maior.",https://i.imgur.com/DeAuL8H.png,False
270ec1e0-3d3b-4770-bef8-b4cff6754d66,TARO 2015,Ortopedia Pediátrica,Osteocondrite dissecante do joelho,"Na osteocondrite dissecante do joelho da criança, é uma indicação de tratamento cirúrgico",o acometimento bilateral.,a presença de fise aberta.,a dor e persistência do quadro por 3 meses.,a persistência do quadro após fechamento da fise.,D,a persistência do quadro após fechamento da fise.,CAMPBELL'S,Indicações para tratamento operatório... uma lesão não cicatrizada na qual os sintomas persistem após o fechamento da fise.,,False
4db1f433-efd0-4e56-a6c0-fe53d6d4ebbc,TARO 2024,Cirurgia do Quadril,Radiografia da bacia e do quadril,"Na artrose de quadril, a categorização radiográfica de DORR, o formato femoral stovepipe (""chaminé"") e champagne flute (""taça de champanhe"") correspondem, respectivamente aos tipos",CeA.,Ce B.,AeC.,Ae B.,A,CeA.,CAMPBELL'S,"Gabarito **A**. Correto. A classificação de Dorr descreve a morfologia da extremidade proximal do fêmur na artrose,  sendo útil para o planejamento cirúrgico da artroplastia total do quadril. O tipo C (""Champagne-flute"", taça de champanhe) exibe uma metáfise alargada com perda óssea na cabeça e colo femoral, enquanto o tipo A (""Stovepipe"", cano de fogão ou chaminé) apresenta-se com  uma metáfise estreita e cilíndrica com hipertrofia da cabeça e colo femoral. Os tipos B e D são intermediários, com o tipo B apresentando uma metáfise alargada e o tipo D uma metáfise estreita.  Portanto, a correspondência correta entre a descrição morfológica e o tipo de Dorr é C e A, respectivamente.
",,False
b3c375fe-8092-46c0-8319-651c7ed3523b,TEOT 2022,Ortopedia Pediátrica,Escoliose Congênita e neuromuscular,"Na distrofia muscular facioescapuloumeral, o músculo com a função preservada é o",deltoide.,trapézio.,romboide.,levantador da escápula.,A,deltoide.,TACHDIJAN'S,"Gabarito: A. A questão aborda um detalhe importante no manejo da Distrofia Muscular Facioescapuloumeral (FSHD ou Landouzy-Dejerine): a preservação relativa da função do deltoide.  Classicamente, pacientes com FSHD apresentam fraqueza da musculatura facial (dificuldade para fechar os olhos, sorriso transversal), escápulas aladas (fraqueza de serrátil anterior, romboides e trapézio) e fraqueza dos músculos do braço e antebraço. A preservação do deltoide é um achado característico e, inclusive, auxilia no diagnóstico diferencial com outras distrofias.  Embora possa haver comprometimento do deltoide em estágios mais avançados da doença, sua função é tipicamente preservada em fases iniciais e, por esse motivo, torna-se um importante aliado em procedimentos cirúrgicos de estabilização da escápula. As demais alternativas apresentam músculos comumente afetados na FSHD.
",,False
dc21642c-63eb-463b-8368-a605a8cec9f5,TARO 2019,Ortopedia Pediátrica,Espondilolistese,A espondilolistese displásica da criança é mais frequentemente encontrada no sexo,masculino e no segmento L4-L5.,masculino e no segmento L5-S1.,feminino e no segmento L4-L5.,feminino e no segmento L5-S1.,D,feminino e no segmento L5-S1.,TACHDIJAN'S,A forma displásica de espondilolistese ocorre apenas no nível L5-S1... A espondilolistese displásica é mais comum em mulheres.,,False
49e9c177-003c-488f-b21e-390f5339a625,TEOT 2024,Cirurgia do Quadril,Fraturas do anel pélvico,"No tratamento da fratura do sacro com fixação percutânea utilizando parafuso iliossacral, a estrutura neurológica em risco é",a raiz de L4.,a raiz de L5.,o nervo femoral.,o nervo ciático.,B,a raiz de L5.,CAMPBELL'S,"Gabarito correto: B. A questão aborda as relações anatômicas importantes na fixação percutânea de fraturas do sacro.  A estrutura neurológica em risco durante a colocação de um parafuso iliossacral é a raiz de L5.  O parafuso é direcionado da asa ilíaca em direção ao forame neural de S1.  A raiz de L5 corre medialmente ao processo articular superior de S1 e, portanto, corre o risco de lesão se o parafuso for colocado muito medialmente.  Vale lembrar que o nervo ciático é formado pelas raízes de L4, L5, S1, S2 e S3, sendo que a raiz de L5 contribui para sua formação, mas o nervo ciático propriamente dito corre mais inferiormente e não está sob risco direto nesse procedimento. A raiz de L4 e o nervo femoral não têm relação anatômica com a trajetória do parafuso iliossacral.
",,False
c55a7758-4b3c-407a-a3ab-5c902822eecb,TARO 2018,Cirurgia do Quadril,Pubalgia,"Na osteíte púbica, em caso de falha do tratamento clínico, indica-se intervenção cirúrgica após um período de, no mínimo,",3 meses.,6 meses.,9 meses.,12 meses.,B,6 meses.,CAMPBELL'S,"O tratamento da osteíte púbica é primariamente conservador, pois a condição tende a ser autolimitada. A intervenção cirúrgica foi descrita para casos recalcitrantes, geralmente após 6 meses de falha no tratamento conservador.",,False
e6cbb439-5931-4a94-9887-53ed79c0a6bc,TARO 2015,Cirurgia da Mão,Rigidez do cotovelo,"Na rigidez pós-traumática da articulação metacarpofalângica, a capsulotomia é contraindicada se o arco de movimento alcançar:",10º,20º,40º,60º,D,60º,CAMPBELL'S,"Quando o movimento da articulação metacarpofalângica é de 60 graus, a capsulotomia é contraindicada porque apenas 60 a 70 graus de movimento geralmente podem ser esperados após a cirurgia.",,False
3798ca97-6e95-4401-be82-c004d9a69213,TEOT 2023,Anatomia,Vias de acesso do ombro,"No acesso posterior do braço, a estrutura assinalada pela letra ""B"" corresponde ao músculo",cabeça curta do tríceps braquial.,cabeça medial do tríceps braquial.,cabeça longa do tríceps braquial.,cabeça lateral do tríceps braquial.,C,cabeça longa do tríceps braquial.,CAMPBELL'S,"Gabarito: C. A estrutura apontada na imagem corresponde à cabeça longa do tríceps braquial.  No acesso posterior do ombro, a incisão é realizada medialmente à borda medial da escápula, lateralmente à borda lateral da escápula ou entre as bordas medial e lateral da escápula. A dissecção profunda envolve a identificação e o afastamento lateral da cabeça longa do tríceps. A cabeça longa se origina no tubérculo infraglenoidal da escápula, cruza a articulação glenoumeral e contribui para a formação da borda posterior do espaço axilar. As outras opções correspondem às outras cabeças do tríceps braquial, que não são a estrutura anatômica em questão na imagem. A cabeça lateral se origina na face posterior do úmero, proximal ao sulco radial, e a cabeça medial se origina na face posterior do úmero, distal ao sulco radial. A cabeça curta não existe.
",,False
c19f688c-5806-494d-bb73-941a56af565c,TEOT 2022,Cirurgia do Quadril,Fratura diafisária do fêmur,O uso de dispositivo cefalomedular é indicado nos casos de fraturas ipsilaterais associadas do fêmur dos tipos AO,32A3 e 31B1.2.,32A3 e 31B2.2.,33A2 e 31B1.2.,33A2 e 31B2.2.,A,32A3 e 31B1.2.,ROCKWOOD'S,"O gabarito A está correto. A questão aborda as fraturas ipsilaterais do fêmur em que o uso de haste cefalomedular está indicado.  Lembrando que fraturas proximais do fêmur tipo 32A3 (fraturas pertrocantéricas) são passíveis de fixação com haste cefalomedular.  Já as fraturas diafisárias do tipo 31B1.2 (fratura simples da diáfise femoral com traço espiral ou oblíquo longo) também são indicações clássicas de haste cefalomedular.  Fraturas do tipo 33 (fraturas distais do fêmur) e fraturas cominutivas da diáfise femoral (31B2 e 31B3) são contraindicações relativas para o uso de haste cefalomedular, sendo a fixação com placa a melhor opção nesses casos.  Portanto, a associação de uma fratura 32A3 com uma 31B1.2 torna o uso da haste cefalomedular uma boa opção terapêutica.
",,False
1f0a6360-5c91-4b21-ae63-bd5079129493,BANCO PRÓPRIO,Ortopedia Pediátrica,Mão torta radial e ulnar,"Na mão torta radial, o tipo II de BAYNE e KLUG corresponde à",ausência completa do rádio.,b) ausência parcial do rádio.,c) hipoplasia da epífise distal do rádio.,d) hipoplasia total do rádio.,D,d) hipoplasia total do rádio.,TACHDIJAN'S,"O gabarito D está correto. A classificação de Bayne e Klug para mão torta radial (ou deficiência radial longitudinal) descreve quatro tipos. O tipo I corresponde à deficiência focal da extremidade distal do rádio; o tipo II, à hipoplasia total do rádio (a questão aborda esse tipo); o tipo III, à ausência parcial do rádio; e o tipo IV, à ausência total do rádio, que é o tipo mais comum.  Observem que a classificação de James, baseada em achados radiográficos, é mais utilizada atualmente e divide a deformidade radial em quatro tipos, sendo o tipo IV também o mais comum (ausência completa do rádio).  Vale lembrar que a mão torta radial pode estar associada a uma série de síndromes, como síndrome de Holt-Oram, síndrome de TAR e síndrome de VACTERL.
",,False
affb1e2f-01e6-48db-a461-508f50517f8e,TARO 2021,Cirurgia do Quadril,Coxartrose,"Na osteotomia valgizante do fêmur proximal, a radiografia em AP necessária para seu planejamento deve ser realizada em","adução máxima, para verificar a extrusão da cabeça.","abdução máxima, para verificar a extrusão da cabeça.","adução máxima, para verificar a centralização da cabeça.","abdução máxima, para verificar a centralização da cabeça.",C,"adução máxima, para verificar a centralização da cabeça.",SIZÍNIO,A radiografia em anteroposterior com o quadril em adução máxima deve evidenciar centralização ou melhor congruência do que a posição neutra ou abdução.,,False
094cd71e-7c07-42c5-b28d-6cd727c1ee9e,BANCO PRÓPRIO,Ciência Básica,Biomecânica do Ombro,"Na biomecânica das forças coronais que atuam no ombro, a falha do manguito inferior resulta em",migração anterior da cabeça umeral pela falha do subescapular.,migração posterior da cabeça umeral pela falha do infraespinhal.,ascensão superior da cabeça umeral pela ação irrestrita do deltoide.,incapacidade de rotação interna ativa contra a gravidade.,C,ascensão superior da cabeça umeral pela ação irrestrita do deltoide.,GERALDO MOTA,"Gabarito C. Esta é a biomecânica fundamental do ombro. O deltoide (vetor superior) inicia a elevação. Para que essa força seja convertida em rotação (elevação) e não em translação (ascensão), o manguito inferior (subescapular, infraespinhal, redondo menor) age sinergicamente, comprimindo e deprimindo a cabeça umeral contra a glenoide (par de força coronal). Na falha do manguito, o vetor superior do deltoide age sem oposição, causando a ascensão da cabeça umeral, que é a base fisiopatológica da artropatia do manguito rotador.",https://i.imgur.com/POZAup4.png,False
367649ea-d12d-487b-b94b-8642d55ead17,TARO 2022,Cirurgia do Joelho,Infecções pós-artroplastias,"Na infecção aguda, após a artroplastia do joelho, o melhor tratamento é a",limpeza da articulação.,limpeza da articulação com troca do polietileno.,revisão em um tempo.,revisão em dois tempos.,B,limpeza da articulação com troca do polietileno.,CAMPBELL'S,Recomenda-se a troca do polietileno no momento do desbridamento para aumentar as taxas de sucesso do procedimento.,,False
00c38ae7-eb97-472b-b1b8-663999e4c843,BANCO PRÓPRIO,Cirurgia do Quadril,Exame Físico do Quadril,"No exame físico do quadril, é possível avaliar o músculo piriforme através do teste de",OBER.,ELY.,FREIBERG.,MCCARTHY.,C,FREIBERG.,OSVANDRÉ,"O gabarito está correto. O teste de Freiberg é utilizado para avaliar a síndrome do piriforme.  A figura demonstra a sua execução: paciente sentado com quadril e joelho a 90 graus, o examinador realiza rotação interna e adução do quadril.  Dor na região glútea sugere compressão ou irritação do nervo ciático pelo músculo piriforme. O teste de Ober avalia o trato iliotibial, enquanto o teste de Ely avalia o reto femoral. Não existe um teste epônimo de Freiberg. O teste descrito como McCarthy no enunciado, na verdade, refere-se ao teste de FAIR (Flexion, Adduction, and Internal Rotation), outro teste para avaliar a síndrome do piriforme.
",,False
d5bf2fcf-1c9a-4863-9492-e21324596540,TEOT 2025,Ortopedia Pediátrica,Sindactilia e polidactilia,"Na polidactilia do polegar, segundo a classificação de WASSEL, o procedimento de BILHAUT-CLOQUET é indicado para correção nos tipos",I e II.,II e III.,III e IV.,IV e V.,A,I e II.,TACHDIJAN'S,"Gabarito A. O procedimento de Bilhaut-Cloquet é uma ""união composta"", onde cunhas centrais de ambos os polegares duplicados são ressecadas e os remanescentes unidos. Esta técnica é indicada apenas quando os dois polegares são simétricos, mas hipoplásicos, o que ocorre mais comumente nas duplicações distais: Wassel Tipo I (falange distal bífida) e Wassel Tipo II (falange distal duplicada). Nos tipos mais proximais (como o IV, o mais comum), a técnica padrão é a excisão do polegar hipoplásico.",,False
937446e4-0829-4adf-8ab4-24808e810b19,TARO 2023,Cirurgia do Quadril,Síndrome trocantérica,"Na avaliação do paciente com ruptura do glúteo médio, além da marcha de TRENDELENBURG o teste mais reprodutível é dor na","palpação do grande trocanter, com cerca de 50% de especificidade e sensibilidade.","abdução contra resistência do quadril, com cerca de 50% de especificidade e sensibilidade.","palpação do grande trocanter, com mais de 70% de especificidade e sensibilidade.","abdução contra resistência do quadril, com mais de 70% de especificidade e sensibilidade.",D,"abdução contra resistência do quadril, com mais de 70% de especificidade e sensibilidade.",CAMPBELL'S,"Os dois sinais mais confiáveis de uma ruptura do glúteo médio são a marcha de Trendelenburg e a dor na abdução do quadril contra resistência, ambos relatados com mais de 70% de especificidade e sensibilidade.",,False
7c661610-a583-4ff5-8ad5-991b35a3a492,TARO 2019,Cirurgia do Quadril,Fratura diafisária do fêmur,"Na fratura diafisária do fêmur, a associação com fratura ipsilateral do colo femoral ocorre em","3% a 10%, sendo mais frequente na região basocervical.","3% a 10%, sendo mais frequente na região mediocervical.","15% a 20%, sendo mais frequente na região basocervical.","15% a 20%, sendo mais frequente na região mediocervical.",A,"3% a 10%, sendo mais frequente na região basocervical.",ROCKWOOD'S,Fraturas concomitantes do colo femoral ocorrem em 3% a 10% dos pacientes com fraturas da diáfise femoral. A maioria é do tipo basocervical.,,False
ddd36829-0443-450c-844a-533e7e5ef7a0,TEOT 2022,Ortopedia Pediátrica,Mão torta radial e ulnar,"Na mão torta radial, dos músculos abaixo, o que frequentemente se apresenta normal é",o braquial.,o tríceps braquial.,a cabeça curta do bíceps braquial.,a cabeça longa do bíceps braquial.,B,o tríceps braquial.,CAMPBELL'S,"Gabarito correto: B.  Na mão torta radial, o tríceps é o único músculo que consistentemente se apresenta normal. Os outros músculos do compartimento anterior (braquial, bíceps – cabeça longa e curta) apresentam algum grau de hipoplasia, inserções anômalas ou mesmo ausência.  A cabeça longa do bíceps, inclusive, frequentemente necessita de tenodese ou transferência cirúrgica para melhorar a supinação do antebraço. Lembrem-se que a mão torta radial é uma deformidade complexa com acometimento não só ósseo, mas também de partes moles, incluindo músculos, tendões, nervos e vasos.
",,False
16b6ef97-4290-4810-99ee-aaba3d28eb70,TEOT 2022,Ciência Básica,Biomecânica da Coluna ,"Na biomecânica da coluna cervical, de todo movimento de rotação, o que ocorre entre C1 e C2 corresponde a",15%.,30%.,50%.,65%.,C,50%.,FALLOPA,"Gabarito: C.  A articulação atlantoaxial (C1-C2) é responsável por cerca de 50% de toda a rotação cervical.  A rotação ocorre principalmente através da rotação do atlas e dos ligamentos alares em torno do processo odontóide do áxis.  As demais alternativas subestimam a contribuição da articulação C1-C2 para a rotação do pescoço.  Vale lembrar que a anatomia peculiar dessa região, sem disco intervertebral, permite essa grande amplitude de movimento rotacional.
",,False
f34da7ed-9747-412d-86e8-2e8809c4d178,TARO 2020,Cirurgia do Quadril,Fraturas Subtrocanterianas,"Durante o tratamento cirúrgico da fratura subtrocanteriana do fêmur, com haste cefalomedular, é indicação de revisão imediata da síntese",o desvio em varo de 10 graus.,o desvio rotacional de 10 graus.,"o encurtamento de 2,5 cm.",a flexão do fragmento proximal de 15 graus.,C,"o encurtamento de 2,5 cm.",ROCKWOOD'S,"Se for observada uma malrotação superior a 15 graus ou uma discrepância de comprimento dos membros superior a 2 cm, a revisão cirúrgica deve ser realizada sob a mesma anestesia.",,False
9f8d4c9a-9632-4060-ad01-6306a6fa01f5,TARO 2021,Anatomia,Vias de acesso da coluna,"Na via de acesso à coluna cervical alta, deve-se dissecar lateralmente o arco posterior de C1 até no máximo 1,5 cm da linha média para evitar lesionar",a artéria vertebral.,a raiz nervosa de C1.,a raiz nervosa de C2.,o segundo gânglio cervical.,A,a artéria vertebral.,ROCKWOOD'S,"Entrando nesta membrana (atlanto-occipital posterior) a aproximadamente 1,5 cm da linha média posterior está a artéria vertebral.",,False
70eab214-fd02-442b-8d61-570ad1a9f98c,TEOT 2023,Ortopedia Pediátrica,Mão torta radial e ulnar,"Na mão torta radial, é contraindicação para o tratamento cirúrgico da deformidade a",ausência do polegar.,ausência total do rádio.,inadequada flexão do cotovelo.,presença de anomalias associadas compatíveis com uma longa vida.,C,inadequada flexão do cotovelo.,CAMPBELL'S,"Gabarito: C. A inadequada flexão do cotovelo é uma contraindicação relativa para o tratamento cirúrgico da mão torta radial, principalmente para a centralização do carpo, pois a estabilidade do cotovelo é fundamental para a função da mão e a flexão inadequada pode sugerir uma deficiência do bíceps, essencial para a estabilidade do cotovelo no pós-operatório.  A ausência do polegar (A) não contraindica a cirurgia, embora possa modificar a estratégia cirúrgica, visando otimizar a função da mão remanescente. A ausência total do rádio (B), apesar de ser um achado grave, não impede a cirurgia para melhorar a função e o aspecto estético do membro. A presença de anomalias associadas compatíveis com uma longa vida (D) também não contraindica o tratamento cirúrgico da deformidade em si, embora a equipe deva considerar o impacto global das anomalias na qualidade de vida do paciente. A prioridade, nesses casos, deve ser dada às anomalias que representem risco de vida.
",,False
3108d194-3528-42e0-806e-66220060694b,TARO 2019,Cirurgia do Quadril,Fraturas do acetábulo,"Na fratura da dupla coluna multifragmentada do acetábulo, a congruência secundária ocorre em decorrência da integridade do",labrum.,ligamento redondo.,ligamento transverso.,ligamento iliofemoral.,A,labrum.,ROCKWOOD'S,"Mesmo em fraturas de ambas as colunas muito cominutivas, o labrum acetabular geralmente permanece intacto... os fragmentos articulares podem girar em torno da cabeça femoral, mas permanecem congruentes com ela.",,False
76152e70-656e-47b4-acae-653792a33070,TEOT 2024,Ortopedia Pediátrica,Deformidade de Sprengel,"Na deformidade de SPRENGEL, a abdução do ombro está",normal e a escápula hipoplásica.,normal e a escápula hiperplásica.,limitada e a escápula hipoplásica.,limitada e a escápula hiperplásica.,C,limitada e a escápula hipoplásica.,TACHDIJAN'S,"Gabarito: C. A deformidade de Sprengel, ou escápula alta congênita, caracteriza-se por uma escápula hipoplásica (menor e com formato alterado) localizada mais superiormente no tórax do que o normal.  A abdução do ombro é limitada pela posição anômala da escápula e pela presença frequente de uma ponte óssea ou fibrosa (osso omovertebral) que conecta a escápula à coluna cervical.  Embora a escápula seja menor, o termo correto é hipoplásica e não aplásica, pois a escápula existe, porém com desenvolvimento incompleto.  A abdução não é normal, sendo um dos principais achados clínicos da deformidade de Sprengel.
",,False
d51d3159-165b-4bd9-ae24-832fe142bd55,TARO 2025,Cirurgia do Quadril,Exame Físico do Quadril,"Na avaliação da contratura do músculo grácil, a manobra realizada em decúbito ventral é o teste",de PACE.,da bicicleta.,de PHELPS.,de MCCARTHY.,C,de PHELPS.,OSVANDRÉ,"Gabarito: C. O teste de Phelps, realizado com o paciente em decúbito ventral, avalia contratura em adução do quadril.  O paciente flexiona ambos os joelhos a 90 graus.  Se houver contratura do grácil, o quadril afetado abduzirá quando o joelho for flexionado.  O teste de Pace avalia a tendinite do bíceps femoral, o teste da bicicleta avalia a síndrome do trato iliotibial e o teste de McCarthy avalia lesões labrais e condrais do quadril.
",,False
e7ec10ba-8690-4d70-9ce6-2b390375f868,TARO 2015,Cirurgia do Quadril,Fraturas do acetábulo,"Na avaliação radiográfica do acetábulo, a dissociação entre a linha ilioisquiática e gota de lágrima de Kohler sugerem fratura:",Da parede posterior.,Transversa infratectal.,Transversa transtectal.,Da superfície quadrilátera.,D,Da superfície quadrilátera.,ROCKWOOD'S,"A dissociação da gota de lágrima e da linha ilioisquiática indica ou rotação da hemipelve, ou uma fratura da superfície quadrilátera.",,False
84acfcb8-e8ea-4a8c-adc6-f3527452d8c7,TEOT 2022,Ortopedia Pediátrica,Pé Talus Vertical,O pé talo vertical congênito apresenta-se na avaliação clínica,evertido em varo e rodado internamente.,evertido em valgo e rodado externamente.,invertido em varo e rodado internamente.,invertido em valgo e rodado externamente.,B,evertido em valgo e rodado externamente.,TACHDIJAN'S,"Gabarito correto: B. O pé talo vertical congênito, também conhecido como pé calcâneo-valgo convexo,  apresenta-se clinicamente com o pé evertido, em posição de valgo e rodado externamente. A deformidade rígida afeta todo o retropé e o mediopé, com o dorso do pé em contato com a face anterior da tíbia. Os distratores apresentam combinações incorretas dos termos.  Pé evertido significa voltado para fora (em valgo) e não para dentro (em varo).  Pé rodado externamente quer dizer que a planta do pé está voltada para fora e não para dentro (rodado internamente).
",,False
dbac29cd-c62e-4a33-8c61-0be582cc3361,TEOT 2024,Cirurgia do Quadril,Fraturas por estresse,A fratura por estresse do colo femoral no adulto jovem ocorre mais comumente em mulheres devido,"ao sedentarismo e à obesidade, e nos homens devido ao etilismo e ao tabagismo.","ao sedentarismo e à obesidade, e nos homens devido ao esforço físico intenso de repetição.","à anorexia nervosa, osteoporose e amenorreia, e nos homens devido ao etilismo e ao tabagismo.","à anorexia nervosa, osteoporose e amenorreia, e nos homens devido ao esforço físico intenso de repetição.",D,"à anorexia nervosa, osteoporose e amenorreia, e nos homens devido ao esforço físico intenso de repetição.",ROCKWOOD'S,"Gabarito correto: D.  As fraturas por estresse do colo femoral são mais comuns em mulheres, principalmente por fatores que levam à diminuição da densidade óssea e/ou distúrbios menstruais, como anorexia nervosa, osteoporose e amenorreia.  A tríade da atleta feminina (amenorreia, distúrbios alimentares e osteoporose) é um fator de risco bem estabelecido. Nos homens, a principal causa é o esforço físico intenso e repetitivo, como em corredores de longa distância e militares em treinamento.  As demais alternativas apresentam fatores de risco menos comuns ou associações incorretas para esse tipo específico de fratura por estresse.  Vale lembrar que o tabagismo e o etilismo são fatores de risco para fraturas em geral, mas não são as causas principais de fraturas de estresse no colo femoral.
",,False
6c90d576-f19c-4d29-b051-fefed4987f78,TARO 2015,Cirurgia do Quadril,Fratura diafisária do fêmur,"Na fratura diafisária do fêmur, a fixação interna com placa pela via aberta está mais bem indicada na presença de:",joelho flutuante.,fratura toracolombar instável.,fratura ipsilateral do acetábulo.,fratura ipsilateral do colo do fêmur.,D,fratura ipsilateral do colo do fêmur.,ROCKWOOD'S,A tabela de indicações para fixação com placa inclui fraturas ipsilaterais do colo e da diáfise.,,False
08ec6c20-3293-4275-98cd-ba6b621d8670,TARO 2024,Cirurgia do Quadril,Fraturas do anel pélvico,"Nas fraturas de sacro, conforme a classificação de DENIS, as fraturas e as lesões neurológicas, respectivamente, ocorrem mais frequentemente nas zonas",I e II.,I e III.,II e III.,ambas na zona II.,B,I e III.,CAMPBELL'S,"O gabarito correto é a letra B. A classificação de Denis divide o sacro em três zonas. A zona I, lateral aos forames neurais, é o local mais comum de fratura (cerca de 50% dos casos). As lesões neurológicas, por sua vez, são mais frequentes na zona III (25-35% dos casos), que corresponde à região central do sacro, onde passam as raízes nervosas lombares e sacrais.  As fraturas na zona II (área que compreende os forames neurais) são menos comuns (20-25%) e, embora possam causar lesão neurológica, a incidência é menor que na zona III, devido à relativa proteção das raízes nervosas dentro dos forames.  Portanto, fraturas ocorrem mais em zona I, e lesões neurológicas em zona III.
",,False
ecb7a486-866d-4370-8a86-d22c34b8180b,TEOT 2024,Ciência Básica,Biomecânica da Coluna ,Os discos intervertebrais L4-L5 e L5-S1 contribuem para a lordose lombar em cerca de,32%.,43%.,55%.,67%.,D,67%.,CAMPBELL'S,"Gabarito **D**.  A lordose lombar total corresponde à angulação entre a placa terminal superior de L1 e a placa terminal superior de S1. Os discos intervertebrais L4-L5 e L5-S1 contribuem com cerca de 67% para a lordose lombar total, sendo fundamentais para a mobilidade e absorção de carga nessa região.  As demais alternativas subestimam essa contribuição essencial, sendo importantes para entender a biomecânica da coluna e o planejamento cirúrgico, especialmente em casos de deformidades ou instabilidades.  Vale lembrar que a lordose lombar excessiva ou reduzida pode levar a alterações biomecânicas e dor.
",,False
02e2fc1c-810c-467e-ad2f-bb7ab49ca2be,TARO 2018,Ciência Básica,Síndrome do estresse tibial medial,"Na fratura por estresse da tíbia, a cintilografia óssea com tecnécio geralmente apresenta aumento de captação",focal nas 3 fases do exame.,focal somente na fase tardia.,difuso nas 3 fases do exame.,difuso somente na fase tardia.,A,focal nas 3 fases do exame.,ROCKWOOD'S,"As cintilografias ósseas são geralmente positivas em todas as fases de uma cintilografia com tecnécio trifásica... em oposição a um ""ponto quente"" focal indicando uma fratura por estresse.",,False
c5fee31d-f8d1-4d3d-a734-13ecc06b7c9a,TEOT 2024,Cirurgia do Quadril,Fraturas periprotéticas do quadril,"A fratura periprotética demonstrada na imagem radiográfica a seguir, é classificada como VANCOUVER",B1.,B2.,B3.,C.,B,B2.,ROCKWOOD'S,"Gabarito correto: B. A imagem mostra uma fratura periprotética de fêmur classificada como Vancouver B2. Lembrem-se que as fraturas tipo B ocorrem ao redor ou distal à haste protética. O subtipo B2 é definido como fratura metafisária localizada entre a ponta da haste protética e a diáfise femoral, com haste estável.  As fraturas tipo A ocorrem ao redor do componente acetabular, tipo C ao redor de uma haste bem fixada e tipo D com haste solta.  Na imagem, a fratura está claramente localizada na metáfise femoral distal à ponta da haste, a qual aparenta estar estável, configurando o tipo B2.
",,False
95c48a4f-8343-462e-ac4b-28d3bcfc30cd,TEOT 2021,Cirurgia do Quadril,Fraturas do acetábulo,"Na fratura do acetábulo, o tratamento conservador está indicado para fraturas",da dupla coluna.,transversas baixas.,desviadas da coluna anterior.,da parede posterior com grande fragmento.,B,transversas baixas.,ROCKWOOD'S,"O gabarito correto é a letra B. Fraturas transversas baixas do acetábulo são aquelas que acometem a porção inferior da coluna anterior e da coluna posterior, preservando o teto acetabular.  Essas fraturas geralmente apresentam desvio mínimo e são estáveis, podendo ser tratadas conservadoramente com repouso e descarga parcial de peso.  As fraturas da dupla coluna (A), da coluna anterior desviadas (C) e da parede posterior com grande fragmento (D) são instáveis e geralmente requerem tratamento cirúrgico para restaurar a congruência articular e prevenir a artrose pós-traumática.  A estabilidade, ou seja, a capacidade de resistir ao deslocamento com carga fisiológica, é o principal fator na decisão entre tratamento conservador e cirúrgico nas fraturas do acetábulo.
",https://i.imgur.com/JVDWLFk.png,False
2e222885-65fa-4657-b5d2-7374f3f8d180,TEOT 2025,Cirurgia do Quadril,Fraturas Subtrocanterianas,"No tratamento cirúrgico com haste cefalomedular da fratura subtrocanteriana, o ponto de entrada excessivamente lateral favorece a ocorrência de mau alinhamento em",varo.,valgo.,antecurvato.,retrocurvato.,A,varo.,CAMPBELL'S,"Gabarito A. Este é um conceito técnico crucial. O ponto de entrada ideal para uma haste cefalomedular é a ponta do trocânter maior, alinhada com o canal. Se o ponto de entrada for feito muito lateral (na cortical lateral do trocânter), a haste, ao tentar se alinhar com a diáfise (medial), atuará como uma cunha, empurrando o fragmento proximal para o varo. (O oposto também é verdadeiro: uma entrada muito medial causará valgo).",,False
c076998f-5549-4338-90ad-1737a51b6121,TEOT 2022,Cirurgia do Quadril,Fraturas do anel pélvico,"Nas fraturas do sacro, as zonas de maior frequência de fratura e de lesão neurológica, de acordo com a classificação de DENIS são, respectivamente,",I e II.,I e III.,II e III.,III e II.,B,I e III.,CAMPBELL'S,"O gabarito correto é, de fato, a letra B. A classificação de Denis divide o sacro em três zonas. A zona I é lateral às raízes nervosas, a zona II corresponde ao forame neural e a zona III é medial às raízes nervosas. As fraturas da zona I são as mais frequentes, representando cerca de 50% das fraturas sacrais.  Já as lesões neurológicas são mais comuns na zona III, devido à proximidade com as raízes nervosas que se medializam ao atravessar o forame neural.  As fraturas da zona II, apesar de envolverem diretamente o forame neural, são menos frequentes e costumam causar lesões neurológicas completas, diferentemente das zonas I e III que podem causar déficits neurológicos parciais.
",,False
647ab81e-37f0-4401-abd3-b26c9ac6d2b0,TEOT 2024,Cirurgia do Quadril,Vias de acesso do quadril,"Na fratura do colo femoral submetida ao acesso lateral direto de HARDINGE não deve ser realizada dissecção proximal maior que 3 cm a 5 cm do trocanter maior, por risco de lesão do nervo",ciático.,femoral.,glúteo inferior.,glúteo superior.,D,glúteo superior.,ROCKWOOD'S,"Gabarito: **D**. O acesso lateral direto de Hardinge, utilizado em cirurgias do quadril, como na fixação de fraturas do colo femoral,  tem como limite proximal de dissecção a região 3 a 5 cm abaixo do trocânter maior para evitar lesão do nervo glúteo superior.  Este nervo emerge da pelve pela incisura isquiática maior, acima do músculo piriforme, e inerva os músculos glúteo médio, glúteo mínimo e tensor da fáscia lata, sendo responsável pela abdução e estabilização da pelve.  Lesões nesse nervo podem causar marcha anserina (Trendelenburg) e fraqueza na abdução do quadril.  As outras opções, nervo ciático, femoral e glúteo inferior, possuem trajetos diferentes e não estão em risco nesse tipo de acesso cirúrgico ao quadril.
",,False
aa8e8e79-caff-4a41-b60e-0d1864934834,TEOT 2024,Ciência Básica,Biomecânica do Cotovelo,A amplitude de movimento do cotovelo de flexão e extensão considerada funcional é de,30° a 130° e 50° de pronação e 50° de supinação.,45° a 145° e 40° de pronação e 60° de supinação.,30° a 130° e 40° de pronação e 60° de supinação.,45° a 145° e 50° de pronação e 50° de supinação.,A,30° a 130° e 50° de pronação e 50° de supinação.,CAMPBELL'S,"Gabarito A. Esta é a definição clássica do ""arco funcional"" do cotovelo, baseado nos estudos de Morrey. Determinou-se que, para a maioria das Atividades de Vida Diária (AVDs), o paciente necessita de um arco de flexo-extensão de 100 graus, especificamente de 30$^{\circ}$ (extensão) a 130$^{\circ}$ (flexão), e um arco de pronossupinação total de 100 graus, dividido em 50$^{\circ}$ de pronação e 50$^{\circ}$ de supinação.",,False
006eec96-1f29-40d9-9a44-2aeda1ff0851,TEOT 2025,Ortopedia Pediátrica,Fraturas da coluna na criança,"Na criança, a fratura de JEFFERSON é do tipo",estável.,cominutiva.,estável cominutiva.,instável cominutiva.,C,estável cominutiva.,ROCKWOOD'S PED,"O gabarito correto é a letra C. A fratura de Jefferson, classicamente descrita como uma fratura do anel C1 (atlas) com fratura dos arcos anterior e posterior, geralmente em quatro partes, é considerada uma fratura estável na criança.  Isso ocorre devido à grande elasticidade óssea e à presença de ligamentos robustos nessa faixa etária, além da orientação horizontal das facetas articulares, que confere maior estabilidade.  Apesar de ser cominutiva, raramente cursa com lesão neurológica. As demais alternativas estão incorretas, pois isoladamente não descrevem a característica fundamental dessa fratura na criança, que é ser estável e cominutiva.
",,False
d186f62f-d4b3-430b-9171-4e0bd81a09cf,TARO 2022,Ortopedia Pediátrica,Pé Talus Vertical,As radiografias em perfil do pé da criança com flexão dorsal e plantar máximas demonstradas nas imagens a seguir caracterizam a deformidade do pé,talo vertical.,em serpentina.,calcaneovalgo.,torto congênito.,A,talo vertical.,TACHDIJAN'S,As radiografias em perfil com estresse em dorsiflexão e flexão plantar forçadas são diagnósticas de tálus vertical. O tálus permanece em equino e não se corrige com a dorsiflexão (tálus vertical irredutível).,,False
b6ed5bc5-61dc-4fe4-96e7-9bdae62fcaca,TEOT 2024,Ciência Básica,Traumatismo Raquimedular e síndrome da cauda equina,"No trauma raquimedular, a síndrome em que o paciente apresenta função motora e sensibilidade à dor e ao tato preservadas, enquanto a propriocepção está alterada, é a",medular central.,medular anterior.,do cone medular.,medular posterior.,D,medular posterior.,CAMPBELL'S,"Gabarito **D**. A síndrome medular posterior é caracterizada pela perda da propriocepção e sensibilidade vibratória abaixo do nível da lesão, com preservação da função motora, sensibilidade à dor e ao tato.  Essa síndrome é relativamente rara e classicamente associada à hiperextensão cervical em pacientes com espondilose preexistente, comprometendo as colunas posteriores da medula.  A síndrome medular anterior, frequentemente causada por lesão em flexão,  apresenta perda da função motora e sensibilidade à dor e temperatura abaixo do nível da lesão, com preservação da propriocepção. A síndrome medular central, comum em idosos com estenose cervical,  cursa com fraqueza maior em membros superiores que em inferiores. A síndrome do cone medular, por lesão na região do cone medular (T12-L1),  causa  anestesia em sela, disfunção intestinal/vesical e, frequentemente, fraqueza nos membros inferiores.
",,False
35d43f56-5986-45c0-8ea8-42b39cb061db,TARO 2015,Cirurgia do Quadril,Fraturas do Colo do Fêmur ,"Na fratura do colo do fêmur do idoso tratada com redução anatômica e fixação interna, o fator mais frequentemente relacionado à reoperação é a:",artrose pós-traumática.,falha de osteossíntese.,necrose da cabeça do fêmur.,condrólise do quadril.,B,falha de osteossíntese.,ROCKWOOD'S,"Embora a NAV (necrose avascular) seja uma complicação bem reconhecida, a maioria das reoperações é realizada por falha precoce da fixação em osso osteoporótico e não união.",,False
714a99d0-08ee-4d6e-84fa-ec12a6fcf268,TARO 2021,Cirurgia do Quadril,Fratura diafisária do fêmur,"Na fratura diafisária do fêmur no paciente obeso, a principal vantagem da utilização da haste intramedular retrógrada em relação à anterógrada é a menor",dificuldade em realizar a fluoroscopia.,dificuldade de fresagem do canal medular.,dificuldade de encontrar o ponto de entrada correto.,probabilidade de desenvolver trombose venosa profunda.,C,dificuldade de encontrar o ponto de entrada correto.,CAMPBELL'S,"A haste femoral retrógrada pode ser benéfica em pacientes obesos, nos quais é difícil obter um portal de entrada anterógrado.",,False
4bf078b6-8250-4b72-a332-d998a6414a44,BANCO PRÓPRIO,Ortopedia Pediátrica,Pé Talus Vertical,O pé talo vertical apresenta deformidades em,"equino fixo e eversão, com os tendões fibulares tensos.","equino redutível eeversão, com os tendões fibulares frouxos.","calcâneo fixo e inversão, com o tibial posterior tenso.","calcâneo redutível eiversão, com o tibial posterior frouxo.",A,"equino fixo e eversão, com os tendões fibulares tensos.",LOVELL'S,"Gabarito: A. O pé talo vertical, também conhecido como pé calcaneovalgo convexo, é uma deformidade congênita rara caracterizada por um equino fixo do retropé, eversão do médiopé e dorsiflexão do antepé.  A deformidade rígida em equino e a proeminência do tálus são os achados clínicos mais importantes. Os tendões fibulares estão tensos, contribuindo para a deformidade em eversão.  As outras alternativas estão incorretas, pois descrevem padrões de deformidade opostos ao pé talo vertical.  No pé talo vertical, o calcâneo não está em posição fixa, nem invertido, e o tibial posterior não está frouxo.  A deformidade primária é em equino e eversão.
",,False
69bcd9e9-7276-4d1c-b852-dc6afb7249b4,TARO 2022,Cirurgia do Quadril,Coxa saltans,"No ressalto interno do quadril, o músculo que geralmente está envolvido na origem do impacto é o",piriforme.,iliopsoas.,trato iliotibial.,adutor magno.,B,iliopsoas.,CAMPBELL'S,O ressalto interno do quadril é resultado do tendão do iliopsoas estalando sobre a eminência iliopectínea ou a cápsula anterior do quadril.,,False
2ffabda8-82a7-4613-9191-1228130d995c,TARO 2021,Cirurgia do Quadril,Pubalgia,"Na osteíte púbica, o sinal de fenda (cleft signal) observado na ressonância magnética decorre da",aderência na parede média por mioma uterino.,tendinose insercional do músculo reto do abdome.,tendinose insercional do músculo adutor magno no púbis.,lesão do ligamento capsular que envolve o disco fibrocartilaginoso.,D,lesão do ligamento capsular que envolve o disco fibrocartilaginoso.,CAMPBELL'S,Um sinal de fenda pode ser visto na RM quando há uma ruptura da cápsula ligamentar que envolve o disco fibrocartilaginoso da sínfise.,,False
04e1d32f-f585-43bb-8de7-0926791184cc,TARO 2021,Cirurgia da Mão,Amputações,"Nas amputações dos dedos da mão, o neuroma sintomático do coto é uma complicação que ocorre mais frequentemente no",terceiro dedo e nos traumas por avulsão.,segundo dedo e nos traumas por avulsão.,terceiro dedo e nos traumas por laceração.,segundo dedo e nos traumas por laceração.,B,segundo dedo e nos traumas por avulsão.,CAMPBELL'S,Neuromas sintomáticos ocorrem em aproximadamente 7% das amputações traumáticas e são mais comuns no dedo indicador (segundo dedo) e em lesões do tipo avulsão.,,False
09e256f3-e87a-4855-a5f2-a1583b7a3cd7,TARO 2025,Metodologia Científica,Níveis de evidências científicas,"Para a avaliação do grau de certeza da evidência em um estudo, utiliza-se a ferramenta",GRADE.,PRISMA.,AMSTAR.,CONSORT.,A,GRADE.,SIZÍNIO,"O gabarito correto é, de fato, a letra A. O sistema GRADE (Grading of Recommendations Assessment, Development and Evaluation) é utilizado para avaliar a certeza da evidência em estudos, principalmente revisões sistemáticas e guidelines. Ele considera a qualidade da evidência, o balanço entre benefícios e riscos, os valores e preferências dos pacientes e o custo-benefício das intervenções.  As outras alternativas, embora importantes na metodologia científica, têm objetivos diferentes. O PRISMA (Preferred Reporting Items for Systematic Reviews and Meta-Analyses) é um checklist para relatar revisões sistemáticas e metanálises, garantindo transparência e qualidade. O AMSTAR (A Measurement Tool to Assess Systematic Reviews) é uma ferramenta para avaliar a qualidade metodológica de revisões sistemáticas. Já o CONSORT (Consolidated Standards of Reporting Trials) é um checklist para relatar ensaios clínicos randomizados, buscando padronização e clareza.
",,False
caba8b26-87c6-48d8-8961-e397c8032993,TARO 2023,Ciência Básica,Exame Físico da Coluna,"Na semiologia da coluna, as referências anatômicas do mamilo, processo xifoide e cicatriz umbilical correspondem respectivamente aos dermátomos","T3, T6 e T9.","T4, T7 e T10.","T5, T8 e T11.","T6, T9 e T12.",B,"T4, T7 e T10.",GERALDO MOTA,"No tronco existem referências anatômicas que auxiliam a determinação do nível da sensibilidade: T4, mamilos; T7, processo xifoide; T10, umbigo; e T12, região inguinal.",,False
f9795129-ffc9-498b-b72d-7f7c4787a464,BANCO PRÓPRIO,Ciência Básica,Biomecânica da Coluna ,"Na biomecânica da coluna, de acordo com a mensuração sagital de BERNHARDT e BRIDWELL, os segmentos L4/L5 e L5/S1 são responsáveis por",25% da lordose lombar.,50% da lordose lombar.,67% da lordose lombar.,81% da lordose lombar.,C,67% da lordose lombar.,CAMPBELL'S,"Gabarito: C.  Bernhardt e Bridwell, em seu estudo fundamental sobre a biomecânica da coluna vertebral, demonstraram que o segmento L4-L5 contribui com 35% da lordose lombar total, enquanto L5-S1 contribui com 32%, totalizando aproximadamente 67% da lordose lombar.  Portanto, a maior parte da lordose lombar está concentrada nesses dois níveis inferiores, o que os torna particularmente suscetíveis a degeneração discal, espondilolistese e estenose do canal, justificando a maior prevalência de patologias nesses níveis. As outras alternativas subestimam a contribuição desses segmentos para a lordose lombar total.
",,False
a0b7aa08-c9e5-4363-bac1-24fd0f8343e9,TARO 2016,Ciência Básica,Biomecânica da Coluna ,"Na rotação axial da coluna cervical, a articulação atlanto-axial é responsável por aproximadamente:",10%.,25%.,50%.,75%.,C,50%.,ROCKWOOD'S,"O áxis se articula com C1 em três pontos. Sua morfologia permite aproximadamente 47 graus de rotação, o que corresponde a 50% da rotação axial de toda a coluna cervical.",,False
d8bfa1c5-5607-459b-8684-5a5caf76e89c,TARO 2023,Anatomia,Vias de acesso do cotovelo,A via de acesso lateral do cotovelo descrita por KAPLAN é realizada entre os músculos,extensor ulnar do carpo e ancôneo.,extensor ulnar do carpo e extensor radial curto do carpo.,extensor radial longo do carpo e braquiorradial.,extensor radial curto do carpo e extensor comum dos dedos.,D,extensor radial curto do carpo e extensor comum dos dedos.,CAMPBELL'S,"A tabela de vias de acesso ao cotovelo mostra que a via de Kaplan é realizada entre o Extensor Carpi Radialis Brevis (ECRB) e o Extensor Digitorum Communis (EDC). A alternativa correta, conforme gabarito, seria entre o ECRB e o extensor radial longo do carpo (ECRL), que corresponde à via de Cadenat. A alternativa mais próxima do gabarito é a D, que menciona o Extensor comum dos dedos. O gabarito oficial da prova é B, entre ECRB e ECU, mas a referência lista essa via como Patterson. Dada a discrepância entre a prova e a referência, a categorização segue o gabarito oficial (B), mas com a ressalva. A via de Kaplan é entre o ECRB e o EDC. Nenhuma alternativa corresponde exatamente.",,False
b3784245-8573-4ef7-b2a8-f0e03a548e67,TARO 2017,Ciência Básica,Traumatismo Raquimedular e síndrome da cauda equina,"Na lesão medular aguda, a reposição volêmica deve garantir pressão arterial média de",65 a 70 mmHg.,75 a 80 mmHg.,85 a 90 mmHg.,95 a 100 mmHg.,C,85 a 90 mmHg.,CAMPBELL'S,O manejo da pressão arterial sistêmica para manter uma pressão arterial média de 85 a 90 mmHg por 7 dias após a lesão pode melhorar o desfecho neurológico.,,False
2b3c1031-c072-420c-ae6e-73cb7da36a40,TARO 2022,Cirurgia do Quadril,Fraturas do Colo do Fêmur ,"No tratamento da fratura do colo do fêmur do adulto, o valor do índice de GARDEN aceitável para avaliar a qualidade da redução na incidência radiográfica em perfil deve estar entre",30 e 60 graus.,60 e 90 graus.,120 e 160 graus.,160 e 180 graus.,D,160 e 180 graus.,ROCKWOOD'S,"Na incidência em perfil, o eixo trabecular central na cabeça está alinhado com o colo femoral, um ângulo de 180 graus. Garden relatou bons resultados quando o ângulo estava entre 155 e 180 graus em qualquer incidência. A faixa 160-180 está dentro do aceitável.",,False
b5952c85-e7c5-490c-8c8c-8d9cd9592cf6,TARO 2022,Ciência Básica,Biomecânica da marcha,O parâmetro linear que consiste na distância entre os calcanhares dos dois pés durante a fase de duplo apoio na marcha é,O passo,A passada,A cadência,A velocidade,A,O passo,TACHDIJAN'S,Comprimento do passo (Step length): Distância entre os 2 pés durante o apoio de duplo membro.,,False
d39f6555-0eff-42d1-aa72-6e78d465c441,TEOT 2023,Anatomia,Artroscopia do ombro,"Na imagem artroscópica do ombro, a estrutura assinalada é o tendão do músculo",supraespinal.,subescapular.,"bíceps braquial, porção curta.","bíceps braquial, porção longa.",D,"bíceps braquial, porção longa.",CAMPBELL'S,"Gabarito correto: **D**. A imagem demonstra a visualização artroscópica do tendão da porção longa do bíceps (PLB) no sulco bicipital.  Reparem na imagem que o tendão está localizado medialmente à cabeça umeral e coberto pela bainha sinovial e ligamento transverso do úmero. A PLB origina-se no tubérculo supraglenoidal e labrum glenoidal superior, passa pelo sulco intertubercular e se torna intra-articular. O tendão do supraespinal localiza-se superiormente e lateralmente à cabeça umeral. O tendão do subescapular insere-se no tubérculo menor, medialmente à cabeça umeral, mas profundo ao sulco bicipital. A porção curta do bíceps origina-se no processo coracóide e não é visualizada nesta imagem artroscópica.
",https://i.imgur.com/xwvBof0.png,False
8d213ae7-40f3-4d7d-bf86-c8aa9e488bc7,TARO 2015,Cirurgia do Quadril,Luxações do Quadril,"No mecanismo da luxação anterior traumática do quadril, o membro inferior está posicionado em rotação:",medial e adução,lateral e adução,medial e abdução,lateral e abdução,D,lateral e abdução,CAMPBELL'S,Ocorrem com o quadril em rotação externa e abdução.,,False
e69c39ad-c478-4a9e-80b4-c02da4671d12,BANCO PRÓPRIO,Cirurgia do Ombro e Cotovelo,Capsulite Adesiva,A capsulite adesiva é mais comum no sexo,"feminino, em idade inferior a 50 anos.","masculino, em idade inferior a 50 anos.","feminino, em idade superior a 50 anos.","masculino, em idade superior a 50 anos.",C,"feminino, em idade superior a 50 anos.",CAMPBELL'S,"Gabarito: C. A capsulite adesiva, ou ""ombro congelado"", é mais prevalente em mulheres, com pico de incidência entre 40 e 60 anos.  A faixa etária acima de 50 anos, portanto, concentra grande parte dos casos, principalmente no sexo feminino.  Diabetes, hipotireoidismo e doenças autoimunes são fatores de risco importantes e devem ser investigados em pacientes com essa condição. Embora homens também possam ser afetados, a incidência é significativamente menor nessa população.  Vale lembrar que a idade inferior a 50 anos, apesar de possível, não representa o grupo de maior risco para o desenvolvimento da capsulite adesiva.
",,False
e08435e6-6784-4401-98aa-d6c2d3e6470b,BANCO PRÓPRIO,Anatomia,Vias de acesso do ombro,"Na fratura da diáfise do úmero, o acesso anterolateral com abertura longitudinal do braquial protege a inervação medial desse músculo, que é feita pelo nervo",ulnar.,radial.,mediano.,musculocutâneo.,D,musculocutâneo.,ROCKWOOD'S,"Gabarito: **D**. O acesso anterolateral para tratamento de fraturas da diáfise umeral é realizado com abertura longitudinal entre as porções longa e medial do músculo braquial, preservando assim a principal inervação deste músculo, que é feita pelo nervo musculocutâneo.  A abertura na porção medial do braquial protege o nervo radial que, ao emergir da região posterior do úmero, perfura o septo intermuscular lateral, cursando entre as porções medial e lateral do braquial.  O nervo mediano cursa medialmente à artéria braquial, na região anterior do cotovelo, e o nervo ulnar cursa posteriormente ao epicôndilo medial, não tendo relação com o acesso anterolateral da diáfise umeral.
",,False
4f97b69a-4bf1-4dea-a3ad-84979228604d,BANCO PRÓPRIO,Anatomia,Vias de acesso da coluna,"Na via de acesso à coluna cervical alta, deve-se dissecar lateralmente o arco posterior de C1 até no máximo 1,5 cm da linha média para evitar lesionar",a artéria vertebral.,a raiz nervosa de C1.,a raiz nervosa de C2.,o segundo gânglio cervical.,A,a artéria vertebral.,CAMPBELL'S,"Gabarito: A. A artéria vertebral  passa medialmente ao arco posterior de C1, entrando no forame magno.  A dissecção lateral ao tubérculo posterior de C1 deve se estender no máximo 1,5 cm lateralmente à linha média para evitar lesão da artéria vertebral.  As raízes nervosas de C1 e C2, bem como o segundo gânglio cervical,  estão localizados lateralmente à artéria vertebral e, portanto,  não seriam lesionados com uma dissecção medial a 1,5cm da linha média.
",,False
a885e9d4-d670-49f6-bd5e-0aa811da58ed,TEOT 2022,Cirurgia do Quadril,Fraturas periprotéticas do quadril,"Na fratura periprotética femoral, a classificação de VANCOUVER fundamenta-se na",idade do paciente e no estoque ósseo.,idade do paciente e no tipo de fixação da prótese.,estabilidade do componente femoral e no estoque ósseo.,estabilidade do componente femoral e no tipo de fixação da prótese.,C,estabilidade do componente femoral e no estoque ósseo.,ROCKWOOD'S,"O gabarito está correto. A classificação de Vancouver para fraturas periprotéticas de fêmur considera a estabilidade do componente femoral e o estoque ósseo.  Fraturas tipo A apresentam componente femoral estável; tipo B, componente femoral solto; e tipo C, componente femoral bem fixo, mas com fratura envolvendo a diáfise femoral.  Dentro de cada tipo, subtipos (A1, A2, A3; B1, B2, B3; C1, C2, C3) são definidos de acordo com o estoque ósseo proximal ao componente femoral, sendo o tipo 1 com bom estoque ósseo, o tipo 2 com estoque ósseo deficiente e o tipo 3 com osso extremamente deficiente.  A idade do paciente e o tipo de fixação da prótese (cimentada ou não cimentada) são importantes para o planejamento cirúrgico, mas não fazem parte da classificação de Vancouver.
",,False
5c3fe44c-fecd-4971-b91a-84388dd05591,TARO 2019,Ortopedia Pediátrica,Fraturas da coluna na criança,"Na lesão cervical baixa da criança, a ossificação incompleta simulando uma fratura compressão é mais frequentemente observada em",C3.,C4.,C5.,C6.,A,C3.,JUPITER,A ossificação incompleta dos corpos vertebrais é uma variante normal que pode simular o acunhamento... Este fenômeno é mais comumente observado em C3.,,False
e7382e31-6a7d-470f-ba9a-80684805a4e6,TEOT 2024,Cirurgia do Quadril,Exame Físico do Quadril,"Na propedeutica do quadril, o teste demonstrado na imagem a seguir é o de","LUDLOFF, realizado para avaliar lesão do iliopsoas e fratura-avulsão do trocanter menor.","LUDLOFF, realizado para avaliar lesão do reto femoral e fratura-avulsão da espinha ilíaca anteroinferior.","BRAGARD, realizado para avaliar lesão do iliopsoas e fratura-avulsão do trocanter menor.","BRAGARD, realizado para avaliar lesão do reto femoral e fratura-avulsão da espinha ilíaca anteroinferior.",A,"LUDLOFF, realizado para avaliar lesão do iliopsoas e fratura-avulsão do trocanter menor.",FALLOPA,"O gabarito está correto. A imagem demonstra o teste de Ludloff, que consiste na flexão ativa do quadril contra resistência com o joelho em extensão.  Este teste avalia a função do músculo iliopsoas e pode ser útil no diagnóstico de lesões, como tendinites ou rupturas, e também para detectar fraturas-avulsão do trocanter menor, local de inserção do iliopsoas.  Lembrando que o Bragard é um teste para avaliar irritação meníngea.
",,False
6b4d0320-6e36-4467-92d0-2c589ad07fb0,BANCO PRÓPRIO,Cirurgia do Quadril,Artroplastias do quadril,"Na artroplastia total do quadril realizada pela via de acesso posterior, o excesso de anteversão do acetábulo pode resultar em luxação",anterior.,posterior.,superior.,inferior..,A,anterior.,CAMPBELL'S,"Gabarito correto: A.  Na via posterior, a principal estrutura lesionada que leva à luxação é o glúteo médio.  Com a perda da função deste, o quadril torna-se instável e suscetível à luxação, principalmente anterior.  Vale lembrar que o excesso de anteversão do componente acetabular aumenta o risco de luxação anterior, especialmente em pacientes que realizam movimentos que combinam flexão, adução e rotação interna do quadril. As luxações posteriores são mais comuns em abordagens anteriores ou anterolaterais, geralmente associadas à lesão dos rotadores externos. Luxação superior e inferior são incomuns na artroplastia total do quadril.
",,False
3ab99253-7402-4ad2-8a42-5bbaffda66a1,TARO 2018,Ciência Básica,Traumatismo Raquimedular e síndrome da cauda equina,"No trauma raquimedular, a síndrome medular incompleta com lesão do trato corticoespinhal e espinotalâmico e a preservação da propriocepção é a",paralisia cruzada de BELL.,síndrome medular central.,síndrome medular anterior.,síndrome BROWN-SÉQUARD.,C,síndrome medular anterior.,ROCKWOOD'S,"A tabela descreve a síndrome medular anterior como lesão da matéria cinzenta anterior, do trato espinotalâmico ascendente com preservação das colunas dorsais. Apresenta perda sensorial e motora variável com preservação da propriocepção.",,False
3ee02ccb-56d3-46d5-a19e-7d2ea8bd8e67,TARO 2015,Cirurgia do Ombro e Cotovelo,Artropatia de Charcot,A artropatia neuropática do ombro está relacionada a:,Diabetes,Mielomeningocele,Siringomielia cervical,Artropatia neuropática de coluna,C,Siringomielia cervical,CAMPBELL'S,A siringomielia da coluna cervical é responsável por aproximadamente 75% das artropatias neuropáticas do ombro.,,False
4b9bb4d8-007a-4475-9d93-2250cd87d362,TEOT 2024,Cirurgia do Quadril,Radiografia da bacia e do quadril,"Na avaliação radiográfica da artrose do quadril, o tipo C de DORR apresenta maior perda óssea nas corticais",medial e anterior.,medial e posterior.,lateral e anterior.,lateral e posterior.,B,medial e posterior.,CAMPBELL'S,"Gabarito correto: B. A classificação de Dorr descreve os padrões de perda óssea na artrose do quadril, importantes para o planejamento cirúrgico, principalmente na artroplastia total do quadril. O tipo C de Dorr se caracteriza pela perda óssea nas corticais medial e posterior do acetábulo.  Essa perda óssea posterior dificulta a estabilidade da prótese e pode exigir técnicas reconstrutivas ou componentes especiais para um resultado ideal.  As outras alternativas descrevem padrões de perda óssea que não correspondem à classificação de Dorr tipo C.  Vale lembrar que o tipo A apresenta  preservação óssea, o tipo B perda predominantemente medial e o tipo D,  perda óssea circunferencial.
",,False
02f391b7-7cd2-4dfc-a229-0ae39d91aac0,TARO 2021,Cirurgia do Quadril,Biomecânica da marcha,"Na marcha normal, a rotação pélvica no plano transverso proporciona, em conjunto com a flexão do quadril, um deslocamento",anterior que resulta em menor oscilação vertical do tronco.,posterior que resulta em menor oscilação vertical do tronco.,anterior que resulta em menor oscilação horizontal do tronco.,posterior que resulta em menor oscilação horizontal do tronco.,A,anterior que resulta em menor oscilação vertical do tronco.,FALLOPA,"Na deambulação, a pelve sofre uma rotação... proporcionando, em concomitância com a flexão do quadril, um deslocamento anterior. Isso ocasiona uma menor oscilação vertical do tronco.",,False
72a6f10c-438f-4301-b20e-e812eb48c56c,TEOT 2023,Cirurgia do Quadril,Fraturas periprotéticas do quadril,"A fratura periprotética do fêmur tipo B2 de VANCOUVER, após artroplastia de quadril, tem como tratamento preferencial a",manutenção da haste e osteossíntese com placa bloqueada.,manutenção da haste e osteossíntese com placa bloqueada e fios de cerclagem.,revisão com troca por componente femoral mais longo cimentado.,revisão com troca por componente femoral mais longo não-cimentado.,D,revisão com troca por componente femoral mais longo não-cimentado.,CAMPBELL'S,"O gabarito D está correto. As fraturas periprotéticas do fêmur tipo B2 de Vancouver ocorrem na diáfise femoral, distal à ponta da prótese, em fêmur previamente osteotômico (geralmente para colocação de haste femoral).  O tratamento preferencial, nesse caso, envolve a revisão da artroplastia com troca do componente femoral por uma haste mais longa *não cimentada*. A estabilidade proporcionada pelo contato haste-osso ao longo de um segmento femoral extenso é crucial para a consolidação da fratura.  Utilizar uma haste cimentada em um fêmur osteotômico fragiliza ainda mais o osso, predispondo a novas fraturas.  A manutenção da haste original, mesmo com placas e fios (alternativas A e B), geralmente não oferece estabilidade suficiente para a consolidação em fraturas B2, especialmente em pacientes osteoporóticos.
",,False
8a09aece-3ce7-45ec-bb21-6e6ea2ae5730,TEOT 2024,Cirurgia do Quadril,Fratura diafisária do fêmur,"Na fratura da diáfise do fêmur, as complicações relacionadas ao ponto de entrada da haste femoral anterógrada são os riscos de",lesão do nervo glúteo superior e dano à artéria circunflexa femoral medial.,lesão do nervo glúteo superior e dano à artéria circunflexa femoral lateral.,lesão do nervo glúteo inferior e dano à artéria circunflexa femoral medial.,lesão do nervo glúteo inferior e dano à artéria circunflexa femoral lateral.,A,lesão do nervo glúteo superior e dano à artéria circunflexa femoral medial.,GERALDO MOTA,"Gabarito: A. A principal complicação relacionada ao ponto de entrada da haste femoral anterógrada na diáfise femoral é, de fato, a lesão do nervo glúteo superior e o dano à artéria circunflexa femoral medial.  Lembrem-se que o ponto de entrada ideal para a haste anterógrada se localiza na “pirâmide de segurança”, uma região na face lateral da diáfise proximal do fêmur, distal e lateral ao trocânter maior.  A artéria circunflexa femoral medial e o nervo glúteo superior passam próximos a essa região, tornando-os suscetíveis a lesões durante a fresagem e inserção da haste.  Lesões do nervo glúteo superior podem resultar em marcha em Trendelenburg e fraqueza na abdução do quadril. As alternativas B, C e D estão incorretas, pois citam o nervo glúteo inferior e/ou a artéria circunflexa femoral lateral, estruturas que não se encontram na região da “pirâmide de segurança” e, portanto, têm menor risco de lesão durante esse procedimento.
",,False
d797eba1-62f0-4006-899f-9380091193a1,TARO 2024,Ortopedia Pediátrica,"Lesões Meniscais, menisco discoide e reparos meniscais","No menisco discoide, a lesão mais frequente é a do tipo",radial.,obliqua.,longitudinal.,clivagem horizontal.,D,clivagem horizontal.,LOVELL'S,"O gabarito correto é a letra D. A lesão em clivagem horizontal é a mais frequente no menisco discoide, classicamente criando um menisco discoide com aspecto de ""alça de balde"".  Essa lesão ocorre na junção entre a porção discoide anormal e a porção normal do menisco.  As demais opções, como lesões radiais, oblíquas e longitudinais, podem ocorrer em meniscos discoides, mas são menos comuns que a clivagem horizontal.  Vale lembrar que o menisco discoide lateral é mais acometido que o medial e que a ressonância magnética é o exame de escolha para o diagnóstico.  A conduta em pacientes sintomáticos é cirúrgica, visando a meniscectomia parcial com saucerização, buscando restaurar a anatomia normal do menisco.
",,False
ea33e42b-0f61-4fa0-8ec2-2bc83c6f4257,TARO 2019,Cirurgia do Quadril,Fraturas do Colo do Fêmur ,"Na fratura do colo do fêmur, o mecanismo de trauma em rotação externa ocasiona",traço simples.,impacção em varo.,impacção em valgo.,cominuição posterior.,D,cominuição posterior.,ROCKWOOD'S,Um mecanismo alternativo é a rotação externa da perna... Este mecanismo explicaria a cominuição posterior do colo observada em muitas dessas fraturas.,,False
7958ead6-3100-4365-8a2d-2f13a43cec13,TARO 2023,Ortopedia Pediátrica,Fratura de clavícula na criança,"Na fratura do terço lateral da clavicula na criança, a indicação cirúrgica mais frequente é",a exposição da fratura.,o comprometimento vascular.,o desvio posterior significativo.,o comprometimento neurológico.,C,o desvio posterior significativo.,ROCKWOOD'S PED,"A indicação mais comum para o tratamento cirúrgico de fraturas da clavícula distal na população pediátrica é o deslocamento posterior significativo, que sugere descontinuidade completa do fragmento proximal e/ou encarceramento no trapézio.",,False
618d1a1b-5512-4c40-81b9-5b27295857d8,TARO 2020,Cirurgia do Quadril,Artroplastias do quadril,"Na artroplastia total do quadril, a jump distance é a distância necessária para a cabeça femoral",sair do acetábulo e equivale à metade do seu diâmetro.,sair do acetábulo e equivale ao dobro do seu diâmetro.,percorrer até a borda do componente acetabular e equivale à metade do seu diâmetro.,percorrer até a borda do componente acetabular e equivale ao dobro do seu diâmetro.,C,percorrer até a borda do componente acetabular e equivale à metade do seu diâmetro.,CAMPBELL'S,"A ""distância",,False
4c231305-2b63-4ac2-a7a3-3179f217ee57,TARO 2020,Ortopedia Pediátrica,Pé Talus Vertical,"No pé talo vertical, nas incidências radiográficas em AP e perfil, o ângulo de KITE está, respectivamente,",diminuído e diminuído.,diminuído e aumentado.,aumentado e diminuído.,aumentado e aumentado.,D,aumentado e aumentado.,SIZÍNIO,"O ângulo de Kite está aumentado em posição anteroposterior, em consequência da posição equinovalgo do calcâneo; está também aumentado em perfil, devido ao equinismo do calcâneo, associado à verticalização do tálus.",https://i.imgur.com/5O2vIzb.png,False
51c725cb-7c4a-480a-b3e8-99cbbbaf1c9a,TARO 2015,Cirurgia do Quadril,Fraturas do anel pélvico,"Na lesão do anel pélvico, as artérias do sistema ilíaco interno mais relacionadas à hemorragia são a glútea:",inferior e a pudenda.,superior e a pudenda.,inferior e a sacral lateral.,superior e a sacral lateral.,B,superior e a pudenda.,ROCKWOOD'S,"O sangramento arterial geralmente surge de ramos do sistema ilíaco interno, sendo as artérias glútea superior e pudenda as fontes mais comumente identificadas.",,False
7d31f15a-d27c-487f-83a0-8fe57cd7faa2,TARO 2018,Ciência Básica,Marcha Normal e Patológica,"Na avaliação da marcha, o apoio da mão sobre a face anterior da coxa caracteriza",marcha atáxica.,marcha escarvante.,insuficiência do m. quadríceps.,insuficiência do m. glúteo máximo.,C,insuficiência do m. quadríceps.,OSVANDRÉ,Em casos graves de paralisia do quadríceps... frequentemente o único meio de o paciente poder caminhar é suportando a frente da coxa afetada com sua mão.,,False
430e2487-6364-46f2-b2eb-a8bc89d99efe,TEOT 2025,Cirurgia do Quadril,Luxações do Quadril,"Na fratura-luxação posterior do quadril, o mecanismo de lesão mais comum é a translação",anterior e translação lateral.,anterior e translação superior.,segmentar e translação lateral.,posterior e translação superior.,A,anterior e translação lateral.,ROCKWOOD'S,"Gabarito A. Esta questão e seu gabarito (A) estão em conflito direto com a biomecânica estabelecida. A luxação posterior do quadril (lesão do painel) é causada por uma força de alta energia direcionada posteriormente ao longo do eixo do fêmur (com o quadril fletido), resultando no deslocamento da cabeça femoral posteriormente (geralmente também superior e internamente). As opções A, B e C, que sugerem ""translação anterior"", não descrevem este mecanismo.",,False
02b73200-406a-4d7e-93dc-63681534e278,TARO 2024,Cirurgia do Quadril,Fraturas do acetábulo,"Nas fraturas do acetábulo, a transversa corresponde a","5 a 19% dos casos, sendo do tipo elementar de LETOURNEL.","5 a 19% dos casos, sendo do tipo associada de LETOURNEL.","23 a 35% dos casos, sendo do tipo elementar de LETOURNEL.","23 a 35% dos casos, sendo do tipo associada de LETOURNEL.",A,"5 a 19% dos casos, sendo do tipo elementar de LETOURNEL.",ROCKWOOD'S,"O gabarito está correto. A fratura transversa do acetábulo, que divide o acetábulo em porções superior e inferior,  representa  5 a 19% das fraturas acetabulares e é classificada como uma fratura elementar de Letournel. As fraturas elementares, diferentemente das associadas, envolvem apenas uma coluna do acetábulo (anterior ou posterior).  As fraturas associadas, por outro lado,  envolvem ambas as colunas,  anterior e posterior, em diferentes combinações. Lembrem-se que as fraturas transversas podem ser baixas (atravessando o forame obturador) ou altas (acima do forame obturador).  A alternativa ""C""  indica a prevalência das fraturas de ambas colunas, que são as mais comuns. Já as alternativas ""B"" e ""D"" erram ao classificar a fratura transversa como associada.
",,False
82043f96-18c3-4b58-9cad-ce5529016c00,TARO 2017,Ortopedia Pediátrica,"Lesões Meniscais, menisco discoide e reparos meniscais","No menisco discoide, segundo a classificação de WATANABE, o tipo que mais comumente se apresenta com ressalto lateral (snapping) em uma criança de 2 a 3 anos é o",I.,II.,III.,IV.,C,III.,LOVELL'S,"O menisco discoide com inserções periféricas deficientes (Tipo III) se apresenta em uma criança pequena de 2 a 3 anos de idade como uma ""síndrome do joelho em ressalto"".",https://i.imgur.com/5dbzr2l.png,False
73011f52-be27-4c69-9415-b58928459234,TEOT 2021,Cirurgia do Quadril,Luxações do Quadril,"Na fratura-luxação posterior do quadril, a lesão ocorre com articulação em",adução e flexão.,adução e extensão.,abdução e flexão.,abdução e extensão.,A,adução e flexão.,ROCKWOOD'S,"Gabarito: A. A luxação posterior do quadril, o tipo mais comum de luxação dessa articulação (representando até 90% dos casos), tipicamente ocorre com o quadril em posição de flexão e adução, como em um acidente automobilístico com o joelho batendo no painel.  Essa posição força a cabeça femoral posteriormente através da cápsula posterior, frequentemente associada a fraturas da borda posterior do acetábulo e/ou da cabeça femoral. As demais alternativas apresentam posições do quadril menos prováveis de resultar em luxação posterior.  A abdução e a extensão, por exemplo, tensionam os ligamentos anteriores e a cápsula anterior, protegendo a região posterior e predispondo, se a força for suficiente, a uma luxação anterior.
",,False
3075c701-d165-4970-b8ef-f509aef5ad68,TARO 2025,Cirurgia do Joelho,Infecções pós-artroplastias,"Na infecção aguda pós artroplastia de joelho, a cultura positiva para S. aureus é uma",contraindicação de revisão em dois tempos.,indicação para desbridamento com retenção da prótese.,contraindicação relativa para desbridamento com retenção da prótese.,contraindicação absoluta para desbridamento com retenção da prótese.,C,contraindicação relativa para desbridamento com retenção da prótese.,CAMPBELL'S,"O gabarito está correto. A presença de *S. aureus* numa infecção aguda pós-artroplastia de joelho (dentro de 4 semanas do procedimento) é uma contraindicação *relativa* para o desbridamento com retenção do implante.  Embora o desbridamento com retenção possa ser tentado em infecções precoces por organismos menos virulentos e sensíveis, como *Staphylococcus epidermidis*, o *S. aureus* é considerado mais agressivo.  Idealmente, nesses casos, opta-se pela revisão em dois tempos, com retirada completa dos componentes,  espaçador de cimento com antibiótico e posterior reimplante.  A  ""contraindicação relativa"" implica que, em cenários muito específicos e com critérios bem definidos (paciente gravemente debilitado, infecção muito inicial e superficial), o desbridamento com retenção *poderia* ser considerado, mas com altíssimo risco de falha e recorrência da infecção.  Portanto, a conduta mais segura e comumente aceita é a revisão em dois tempos.
",,False
2a60edb5-2e3b-4d0f-b5ca-11f1c857015b,TARO 2024,Cirurgia do Quadril,Fratura diafisária do fêmur,O padrão mais comum de lesão proximal do fêmur associado à fratura da diáfise é a fratura,subcapital.,transcervical.,basocervical sem desvio.,basocervical com desvio.,C,basocervical sem desvio.,GERALDO MOTA,"O gabarito está correto. O padrão mais comum de lesão proximal do fêmur associada à fratura da diáfise femoral é a fratura basocervical sem desvio.  Isso ocorre devido à transmissão de forças axiais ao longo do fêmur durante o trauma de alta energia, frequentemente responsável por fraturas diafisárias.  Essa força compressiva pode gerar uma fratura impactada na região basocervical, muitas vezes sutil e de difícil visualização em radiografias iniciais.  Fraturas subcapitais e transcervicais, embora possíveis, são menos frequentes nesse contexto.  A importância de identificar essa lesão associada reside no fato de que, apesar de muitas vezes não necessitar de tratamento cirúrgico específico inicialmente, a fratura basocervical pode desviar tardiamente, exigindo fixação cirúrgica.  Portanto, o acompanhamento radiográfico rigoroso é essencial nesses pacientes.
",,False
3a5c48cb-f4dc-4cf7-8949-45c500f1e570,TEOT 2023,Ciência Básica,Lesões dos Nervos Periféricos e do plexo braquial,"Na lesão traumática do plexo braquial, a presença de protração da escápula indica preservação da raiz de",C5.,C6.,C7.,C8.,A,C5.,GERALDO MOTA,"Gabarito: A. A protração da escápula é função do músculo serrátil anterior, inervado pelo nervo torácico longo, que se origina das raízes de C5, C6 e C7, com maior contribuição de C5.  Portanto, a protração preservada sugere integridade da raiz C5.  A retração da escápula, por outro lado, é mediada principalmente pelos músculos romboides (maior e menor) e trapézio, inervados pelo nervo escapular dorsal (C5) e nervo acessório (XI par craniano), respectivamente.  Vale lembrar que, embora C5 contribua para ambos os movimentos, a protração é o teste mais fidedigno para avaliar sua função. As demais raízes (C6, C7 e C8) contribuem para outras funções do membro superior, não estando diretamente relacionadas à protração escapular.
",,False
ea1c9017-f157-46b0-904f-fd331e12e940,TEOT 2025,Cirurgia do Quadril,Vias de acesso do quadril,Os vasos corona mortis devem ser identificados e afastados ou ligados na via de acesso de,HARDINGE.,STOPPA modificada.,GIBSON modificada.,KOCHER-LANGENBECK.,B,STOPPA modificada.,CAMPBELL'S,"Gabarito correto: B. A via de Stoppa modificada, utilizada para o acesso ao acetábulo e à coluna anterior, oferece uma exposição ampla da pelve anterior.  Durante a dissecção, os vasos corona mortis, anastomose entre os vasos obturatórios e os vasos epigástricos inferiores,  são frequentemente encontrados na face anterior do ramo púbico superior e devem ser identificados e protegidos ou ligados para evitar sangramento. As demais alternativas não apresentam relação tão direta com os vasos corona mortis.  A via de Hardinge é posterior, Kocher-Langenbeck é póstero-lateral e Gibson modificada é ântero-lateral, todas com menor risco de lesão desses vasos.
",,False
2c90a6dd-0b98-495e-a89c-57a23514db69,TEOT 2023,Anatomia,Vias de acesso do ombro,"Na via de acesso anterolateral ao terço distal do úmero, a estrutura assinalada é o nervo",axilar.,ulnar.,radial.,mediano.,C,radial.,CAMPBELL'S,"Gabarito: C. A questão testa o conhecimento da anatomia topográfica do terço distal do úmero, crucial para a abordagem cirúrgica segura dessa região. A estrutura assinalada na imagem corresponde ao nervo radial, que cruza o úmero posteriormente, distal à inserção do deltoide,  passando pelo sulco espiral (canal de torção).  Ele situa-se lateralmente ao epicôndilo lateral e medial à cabeça lateral do tríceps braquial.  A incisão anterolateral para acesso ao úmero distal coloca em risco o nervo radial, sendo sua identificação e proteção primordiais.  O nervo axilar situa-se mais proximalmente, inervando o deltoide. O nervo mediano cursa medialmente no braço, anterior à artéria braquial. O nervo ulnar passa posteriormente ao epicôndilo medial no cotovelo.
",https://i.imgur.com/9A1OtVj.png,False
406e5d0a-1629-42fe-81f8-bc83dac4a02e,TARO 2024,Ortopedia Pediátrica,Traumatismo Raquimedular e síndrome da cauda equina,"Em crianças com SCIWORA por trauma de baixa energia em região cervical, na maioria dos casos",há indicação de imobilização.,há indicação de descompressão cirúrgica.,há indicação de descompressão e artrodese.,não há necessidade de imobilização e cirurgia.,D,não há necessidade de imobilização e cirurgia.,TACHDIJAN'S,"Gabarito: D. Correto. A SCIWORA (Spinal Cord Injury Without Radiographic Abnormality), ou lesão medular sem anormalidade radiográfica, é mais comum na população pediátrica, especialmente em crianças menores de 8 anos, devido à maior elasticidade ligamentar, horizontalização das facetas articulares e maior proporção da cabeça em relação ao corpo.  Em traumas de baixa energia, a maioria das crianças com SCIWORA cervical se recupera completamente com tratamento conservador, sem necessidade de imobilização rígida ou cirurgia. A recuperação neurológica costuma ser rápida e completa.  A imobilização, na verdade, pode ser prejudicial, levando a rigidez e dor. Cirurgia é raramente indicada e reservada para casos com compressão medular persistente ou progressiva,  instabilidade demonstradas em exames de imagem dinâmicos ou déficit neurológico progressivo.
",,False
dcba12bc-000d-4c61-8c9a-0af3951d0842,TARO 2015,Cirurgia do Quadril,Fraturas periprotéticas do quadril,"Na fratura periprotética na imagem a seguir, a melhor forma de tratamento é a osteossíntese interna com",uso de enxerto ósseo.,uso de cerclagem isolada.,revisão do componente femoral.,manutenção do componente femoral.,C,revisão do componente femoral.,CAMPBELL'S,"A imagem mostra uma fratura ao redor de uma haste solta (Vancouver B2). Se a haste estiver solta, a revisão com um componente femoral de haste longa é preferível.",,False
1f3cc186-2e5d-47a7-a64d-a395d0223e4c,TARO 2024,Ortopedia Pediátrica,Escoliose Idiopática,"Na escoliose idiopática do adolescente de ápice torácico, a convexidade da curva ocorre mais frequentemente no lado","direito, com a cifose torácica diminuída.","direito, com a cifose torácica acentuada.","esquerdo, com a cifose torácica diminuída.","esquerdo, com a cifose torácica acentuada.",A,"direito, com a cifose torácica diminuída.",CAMPBELL'S,"O gabarito está correto. A escoliose idiopática do adolescente com ápice torácico tem convexidade, na maioria das vezes, à direita.  A curva torácica direita é a mais comum na escoliose idiopática do adolescente, representando aproximadamente 90% dos casos. Geralmente,  a cifose torácica está diminuída (hipcifose) nesses pacientes.  As curvas à esquerda devem levantar suspeita de outras etiologias para a escoliose, como anomalias da medula espinhal ou tumores intradurais, e merecem investigação mais aprofundada com ressonância magnética.  Vale lembrar que a cifose torácica normal varia de 20 a 40 graus em adultos.
",,False
10859ad6-677c-49bf-90a4-1d2eda9b3b4b,TARO 2022,Cirurgia da Mão,"Princípios de microcirurgia, retalhos microúrgicos e reimplantes","Na técnica demonstrada na figura a seguir, preconiza-se que a medida dos ângulos A e B devem estar no intervalo entre",05 e 20 graus.,25 e 40 graus.,45 e 60 graus.,65 e 80 graus.,C,45 e 60 graus.,CAMPBELL'S,"Na Z-plastia, o ângulo que o limbo central do Z faz com cada um dos outros dois limbos deve ser de 45 a 60 graus. Ângulos menores prejudicam o suprimento sanguíneo ao retalho; ângulos maiores dificultam a transposição dos retalhos sem tensão severa.",,False
76534d9b-5d10-47ca-9a6b-8fb00d351e22,TARO 2018,Cirurgia do Quadril,Fraturas periprotéticas do quadril,"Na fratura periprotética intra-operatória do fêmur após artroplastia total do quadril, a classificação de VANCOUVER tipo B1 significa",fratura sem desvio da diáfise.,perfuração cortical da diáfise.,perfuração cortical da metáfise.,fratura sem desvio da metáfise.,B,perfuração cortical da diáfise.,ROCKWOOD'S,A tabela de classificação de Vancouver para fraturas intraoperatórias define o tipo B (diafisário) como B1: perfuração cortical; B2: fratura sem desvio; B3: fratura deslocada ou instável.,,False
7e8932f9-4183-4c81-a9bd-f4b8a8768139,TARO 2024,Cirurgia do Quadril,Fraturas do Colo do Fêmur ,"Na fratura do quadril do idoso, o risco de segunda fratura em dois anos após a primeira é cerca de","10% nos homens, e em mais de 70% dos casos é do mesmo tipo de fratura da primeira.","10% nos homens, e em menos de 50% dos casos é do mesmo tipo de fratura da primeira.","5% nos homens, e em mais de 70% dos casos é do mesmo tipo de fratura da primeira.","5% nos homens, e em menos de 50% dos casos é do mesmo tipo de fratura da primeira.",C,"5% nos homens, e em mais de 70% dos casos é do mesmo tipo de fratura da primeira.",ROCKWOOD'S,"O gabarito está correto. O risco de segunda fratura após uma fratura de quadril em idosos é significativamente maior em mulheres do que em homens, sendo cerca de 20% para mulheres e 5% para homens em 2 anos.  Além disso,  mais de 70% das segundas fraturas são do mesmo tipo da primeira, ou seja, se a primeira fratura foi de quadril, a segunda também tem grande probabilidade de ser.  Vale lembrar que osteoporose e quedas são os principais fatores de risco para fraturas em idosos e devem ser investigados e tratados após a primeira fratura para minimizar o risco de novas fraturas. As outras alternativas estão incorretas por subestimarem a porcentagem de fraturas do mesmo tipo e, nas alternativas A e B, superestimarem o risco de segunda fratura em homens.
",https://i.imgur.com/cijlPFI.png,False
c4c6be7c-f031-48fb-877f-1601a34c2a5f,TARO 2015,Cirurgia do Quadril,Artroplastias do quadril,"Na artroplastia total do quadril, a jump distance é a distância necessária para a cabeça femoral",sair do acetábulo e equivale à metade do seu diâmetro.,sair do acetábulo e equivale ao dobro do seu diâmetro.,percorrer até a borda do componente acetabular e equivale à metade do seu diâmetro.,percorrer até a borda do componente acetabular e equivale ao dobro do seu diâmetro.,C,percorrer até a borda do componente acetabular e equivale à metade do seu diâmetro.,CAMPBELL'S,"A ""distância de salto"" é a distância que a cabeça deve percorrer para escapar da borda da cavidade e é geralmente aproximada como metade do diâmetro da cabeça.",,False
7a31df80-79c4-4c75-bc62-1c899a01e6b7,TARO 2025,Metodologia Científica,Níveis de evidências científicas,Uma revisão sistemática tem seu nível de evidência ranqueado segundo,a quantidade de metanálises analisadas.,o grau de heterogeneidade da metanálise.,a quantidade de estudos de coorte analisados.,o nível de evidência dos estudos que a compõem.,D,o nível de evidência dos estudos que a compõem.,ROCKWOOD'S,"Gabarito correto: D. O nível de evidência de uma revisão sistemática, o topo da pirâmide de evidências, é determinado pelo nível de evidência dos estudos que a compõem.  Uma revisão sistemática com metanálise de ensaios clínicos randomizados controlados, portanto, terá maior nível de evidência do que uma revisão sistemática de estudos de coorte, por exemplo.  A quantidade de metanálises ou estudos de coorte analisados não define o nível de evidência da revisão sistemática. Da mesma forma, o grau de heterogeneidade da metanálise, embora importante para a interpretação dos resultados, não define o nível de evidência da revisão em si. Ele avalia a variabilidade entre os resultados dos estudos incluídos na metanálise.
",,False
610d09cb-2dc9-46f1-8a7a-7d9a6a213f73,TEOT 2023,Anatomia,Vias de acesso do antebraço,"No acesso de THOMPSON, a estrutura assinalada é o nervo",mediano.,sensitivo radial.,interósseo posterior.,cutâneo lateral do antebraço.,C,interósseo posterior.,CAMPBELL'S,"Gabarito: C. A questão testa o conhecimento da anatomia cirúrgica do antebraço, especificamente as estruturas encontradas durante o acesso cirúrgico de Thompson, utilizado para tratamento de fraturas da extremidade distal do rádio.  A estrutura em questão é o nervo interósseo posterior (PIN), ramo profundo do nervo radial, que emerge distalmente ao músculo supinador e situa-se entre o extensor radial curto do carpo e o extensor radial longo do carpo.  O nervo mediano (A) localiza-se radialmente ao flexor radial do carpo e, no terço distal do antebraço, situa-se entre os tendões dos flexores superficiais e profundos dos dedos. O nervo sensitivo radial (B) é superficial e situa-se entre o braquiorradial e o extensor radial longo do carpo. O nervo cutâneo lateral do antebraço (D) é um ramo do nervo musculocutâneo e situa-se lateralmente ao braquiorradial. Conhecer a anatomia da região é crucial para evitar lesões nervosas durante a abordagem cirúrgica.
",,False
aae98998-6fb3-4672-abfd-e65d32b7325d,TARO 2025,Ortopedia Pediátrica,Luxação esternoclavicular,"Na luxação esternoclavicular posterior em crianças, a manobra de redução consiste em manter o paciente em posição supina, com a colocação de coxim","abaixo do ombro, associada à flexão do ombro do lado acometido.","entre as escápulas, associada à flexão do ombro do lado acometido.","abaixo do ombro, associada à tração do membro superior do lado acometido.","entre as escápulas, associada à tração do membro superior do lado acometido.",D,"entre as escápulas, associada à tração do membro superior do lado acometido.",GERALDO MOTA,"O gabarito D está correto. Nas luxações esternoclaviculares posteriores, a redução fechada é tentada inicialmente.  A manobra preconizada consiste na posição supina, com um coxim entre as escápulas para protrair os ombros, associada à tração longitudinal do membro superior acometido, com o ombro em 90 graus de flexão.  A alternativa A está incorreta, pois apesar da posição supina e do coxim sob o ombro ajudarem na protração escapular, a flexão isolada do ombro não reduz a luxação. A alternativa B está incorreta porque, apesar do coxim na posição correta, a flexão isolada do ombro não é suficiente para a redução. A alternativa C está incorreta, pois o coxim deve ser posicionado entre as escápulas e não abaixo do ombro afetado.
",,False
d6a9214c-8893-42c5-9538-245b6663118e,TARO 2024,Cirurgia do Quadril,Exame Físico do Quadril,"Na propedeutica do quadril e com base na figura abaixo, o teste realizado e a estrutura avaliada são respectivamente","OBER, trato iliotibial.","OBER, músculo glúteo médio.","PHELPS, trato iliotibial.","PHELPS, músculo glúteo médio.",A,"OBER, trato iliotibial.",OSVANDRÉ,"O gabarito está correto. A figura demonstra o teste de Ober, que avalia o encurtamento ou contratura do trato iliotibial.  No teste de Ober, o paciente é posicionado em decúbito lateral, com o membro inferior a ser testado no lado de cima.  O examinador flexiona o joelho do paciente a 90 graus e abduz e estende o quadril. Mantendo o quadril em extensão, o examinador então solta a perna. Em um teste negativo (normal), a coxa cai até a mesa.  Um teste positivo ocorre quando a coxa permanece abduzida, indicando contratura ou encurtamento do trato iliotibial.  O teste de Phelps, por outro lado,  é usado para avaliar contratura em adutores do quadril. O paciente deita-se em decúbito ventral com os joelhos estendidos. O examinador então abduz passivamente os quadris o máximo possível. O paciente então flexiona os joelhos a 90 graus. Um aumento na abdução do quadril com os joelhos flexionados sugere contratura dos músculos adutores do quadril.  O glúteo médio é testado clinicamente pelo Trendelenburg.
",https://i.imgur.com/w6J56PA.png,False
798b623e-0102-401d-a2f5-fccf4d579d7c,TARO 2017,Ciência Básica,Biomecânica do Cotovelo,A estrutura mais importante para garantir a estabilidade do cotovelo no estresse em valgo a 90° de flexão é,a cabeça do rádio.,a cápsula articular.,o ligamento colateral lateral.,o ligamento colateral medial.,D,o ligamento colateral medial.,CAMPBELL'S,"A 90 graus de flexão, o ligamento colateral medial proporciona 55% da estabilidade ao estresse em valgo, com o feixe anterior sendo o estabilizador primário.",,False
e2d07289-5b7c-4a5d-8d2b-7b0f030f9121,TEOT 2022,Cirurgia do Quadril,Artroplastias do quadril,"Na artroplastia do quadril, para diminuir o estresse no osso trabecular da pelve com um componente acetabular cimentado, deve-se utilizar",polietilenos finos e remover o osso subcondral.,polietilenos finos e preservar o osso subcondral.,polietilenos espessos e remover o osso subcondral.,polietilenos espessos e preservar o osso subcondral.,D,polietilenos espessos e preservar o osso subcondral.,CAMPBELL'S,"Gabarito: D.  A preservação do osso subcondral e a utilização de polietilenos espessos em artroplastias totais de quadril cimentadas são estratégias para diminuir o estresse no osso trabecular da pelve.  O osso subcondral auxilia na distribuição de carga, e o polietileno espesso aumenta a área de contato entre o componente acetabular e a cabeça femoral, reduzindo a pressão exercida sobre o cimento e, consequentemente, sobre o osso pélvico.  Utilizar polietilenos finos (alternativas A e B) concentra a carga numa área menor, aumentando o estresse, e remover o osso subcondral (alternativas A e C) também contribui para uma pior distribuição de carga, predispondo a soltura do componente acetabular.
",,False
29c09677-eb4e-4d1d-82db-4d259a5f348f,TEOT 2024,Cirurgia do Quadril,Fraturas do acetábulo,"Na fratura de acetábulo, a figura a seguir representa um corte tomográfico axial, sendo que os planos A e B demonstram respectivamente a orientação do traço de fratura",transversa e da coluna.,transversa e da parede.,da coluna e transversa.,da parede e transversa.,A,transversa e da coluna.,CAMPBELL'S,"Gabarito: A. Excelente questão sobre a classificação de Judet e Letournel das fraturas do acetábulo.  A imagem demonstra um corte axial da pelve e os planos representam os principais traços de fratura. O plano A demonstra uma fratura transversa, envolvendo a porção superior do acetábulo. Já o plano B demonstra uma fratura da coluna anterior. Lembrem-se que a classificação de Judet e Letournel é fundamental para o entendimento e planejamento cirúrgico das fraturas do acetábulo, sendo leitura obrigatória para a prova. As demais alternativas estão incorretas, pois não correspondem aos traços demonstrados na imagem.
",,False
f7a460b2-967e-4f33-864d-8f17a7f13c4a,TARO 2021,Cirurgia do Quadril,Luxação Acrômioclavicular ,"Na fratura do colo femoral, o índice que avalia a qualidade da redução pelo alinhamento das trabéculas é o de","LOWELL, cujos valores aceitáveis são de 128-135 graus no AP.","LOWELL, cujos valores aceitáveis são de 160-180 graus no AP.","GARDEN, cujos valores aceitáveis são de 160-180 graus no AP.","GARDEN, cujos valores aceitáveis são de 128-135 graus no AP.",C,"GARDEN, cujos valores aceitáveis são de 160-180 graus no AP.",ROCKWOOD'S,"Garden descreveu um índice de alinhamento para medir a qualidade da redução. Na incidência AP, o ângulo normal é 160 graus. Na incidência em perfil, é 180 graus. Bons resultados são obtidos quando o ângulo está entre 155-180 graus em qualquer incidência.",,False
0f6f9224-188f-4b3d-8ecb-bd92f0c7dcb4,TEOT 2024,Cirurgia do Quadril,Artroplastias do quadril,O conceito inicial de artroplastia do quadril de CHARNLEY inclui,medialização do componente acetabular e diminuição do braço de alavanca dos abdutores.,medialização do componente acetabular e osteotomia do grande trocanter com reinserção lateralizada.,lateralização do componente acetabular e diminuição do braço de alavanca dos abdutores.,lateralização do componente acetabular e osteotomia do grande trocanter com reinserção lateralizada.,B,medialização do componente acetabular e osteotomia do grande trocanter com reinserção lateralizada.,CAMPBELL'S,"Gabarito correto: B.  Charnley preconizava a medialização do componente acetabular para aumentar a estabilidade articular, diminuindo o risco de luxação, e também diminuir o desgaste do polietileno.  Para compensar a medialização da musculatura abdutora (glúteo médio e mínimo) e evitar uma marcha claudicante, ele realizava a osteotomia e lateralização do grande trocânter, restaurando o comprimento e a tensão muscular. As alternativas A e C estão incorretas, pois a medialização, e não a lateralização, do acetábulo era o princípio fundamental da técnica de Charnley. A alternativa D está incorreta pela combinação da lateralização (errada) com a osteotomia (correta).
",,False
7956489d-828c-4e08-bab5-4a75060384fd,TEOT 2024,Cirurgia do Quadril,Fratura diafisária do fêmur,"Na fratura diafisária femoral por projétil de arma de fogo de baixa energia, o método preferencial para a estabilização definitiva é",a placa tipo ponte.,a haste intramedular.,o fixador externo uniplanar.,o fixador externo circular tipo ILIZAROV.,B,a haste intramedular.,ROCKWOOD'S,"Gabarito correto: B.  Em fraturas diafisárias de fêmur por arma de fogo de baixa energia, o tratamento de escolha é a haste intramedular bloqueada, preferencialmente fresada.  A haste intramedular permite estabilidade biológica, diminuindo a incidência de infecção, além de permitir mobilização precoce.  Fraturas por arma de fogo de alta energia, cominutivas, com perda óssea segmentar ou contaminação grosseira se beneficiam da estabilização inicial com fixador externo. Placas tipo ponte são indicadas em fraturas proximais ou distais do fêmur,  mas não em fraturas diafisárias.  O fixador externo circular tipo Ilizarov é reservado para perdas ósseas segmentares ou fraturas infectadas.
",,False
f9cf153f-5d9d-4d15-982f-09167b3241fe,TARO 2020,Ortopedia Pediátrica,Fraturas da coluna na criança,"No trauma cervical na criança, a linha radiográfica de SWISCHUK avalia",o os odontoideum.,a invaginação basilar.,a pseudoluxação C2-C3.,a lesão do ligamento transverso.,C,a pseudoluxação C2-C3.,ROCKWOOD'S PED,"Para diferenciar a pseudoluxação da luxação patológica, Swischuk usou a linha cervical posterior para avaliar o deslocamento de C2 sobre C3.",,False
c35afbf7-fd36-4764-8f67-6c6746fd1a54,TEOT 2023,Cirurgia do Quadril,Síndrome trocantérica,A lesão do tendão do músculo glúteo médio é mais frequente em,homens com mais de 50 anos.,mulheres com mais de 50 anos.,homens com menos de 50 anos.,mulheres com menos de 50 anos.,B,mulheres com mais de 50 anos.,CAMPBELL'S,"Gabarito correto: B. A síndrome da dor trocantérica, muitas vezes associada à lesão do tendão glúteo médio, é mais prevalente em mulheres acima de 50 anos.  Fatores biomecânicos, hormonais e anatômicos podem contribuir para essa predisposição.  A largura do quadril feminino, associada à menor força muscular abdutora, aumenta o estresse em valgo no quadril, predispondo à tendinopatia e ruptura do glúteo médio. A influência hormonal, especialmente após a menopausa, também pode desempenhar um papel na saúde dos tendões. Embora homens também possam apresentar essa condição, a incidência é significativamente menor.
",,False
e8f2c19e-c3c8-44b3-8806-e7b40949ba04,TARO 2022,Anatomia,Vias de acesso da coluna,"Na via de acesso lateral à coluna lombar para técnica XLIF, o nível onde há maior risco de lesão do plexo lombar é",L2/L3.,L3/L4.,L4/L5.,L5/S1,C,L4/L5.,CAMPBELL'S,"O plexo lombar progride em uma direção dorsal, do aspecto posterior do corpo vertebral em L1-2 para 0.28 do diâmetro vertebral em L4-5. O plexo estava em maior risco de lesão no nível L4-5.",,False
eb135120-459d-4210-89ed-3b7f84a9d1cd,TARO 2023,Cirurgia do Quadril,Fraturas Transtrocanterianas,"Na fratura subtrocantérica do fêmur, o tratamento com haste cefalomedular em relação à placa-pino deslizante (DHS) tem como vantagens apresentar",menor braço de alavanca e menor colapso em varo durante a consolidação da fratura.,menor braço de alavanca e menor colapso em valgo durante a consolidação da fratura.,maior braço de alavanca e menor colapso em varo durante a consolidação da fratura.,maior braço de alavanca e menor colapso em valgo durante a consolidação da fratura.,A,menor braço de alavanca e menor colapso em varo durante a consolidação da fratura.,ROCKWOOD'S,"Dadas as características de braço de alavanca mais curto e compartilhamento de carga das hastes intramedulares, elas são o implante preferido. Um estudo biomecânico demonstrou menos colapso em varo para a construção com haste.",,False
337db023-ceac-4502-b32f-12b3bd21e83c,TEOT 2025,Ciência Básica,Traumatismo Raquimedular e síndrome da cauda equina,A síndrome medular central acomete mais frequentemente pacientes,idosos com estenose de canal e trauma em hiperextensão.,jovens sem estenose de canal e trauma em hiperextensão.,idosos com estenose de canal e trauma em hiperflexão.,jovens sem estenose de canal e trauma em hiperflexão.,A,idosos com estenose de canal e trauma em hiperextensão.,CAMPBELL'S,"Gabarito: A. A síndrome medular central, um tipo de lesão medular incompleta, ocorre classicamente em pacientes idosos com estenose cervical degenerativa prévia que sofrem um mecanismo de trauma em hiperextensão.  A hiperextensão cervical causa compressão da medula espinhal entre o ligamento amarelo posterior e o complexo disco-osteofitário anterior, resultando em uma concussão central da medula. Clinicamente, essa síndrome se manifesta com maior fraqueza nos membros superiores em relação aos inferiores, com variável envolvimento sensorial.  Jovens com canal cervical amplo raramente desenvolvem essa síndrome, mesmo em traumas em hiperextensão, devido ao maior espaço disponível para a medula espinhal.  Traumas em hiperflexão geralmente resultam em lesões do ligamento longitudinal anterior e/ou fraturas por compressão em cunha, diferentes do mecanismo da síndrome medular central.
",,False
cf2356de-c947-439c-966d-4da6b72b138e,BANCO PRÓPRIO,Ciência Básica,Biomecânica do Cotovelo,O estabilizador estático primário contra a instabilidade rotatória póstero-lateral do cotovelo é o ligamento,colateral medial (banda anterior).,anular.,colateral lateral ulnar.,colateral radial.,C,colateral lateral ulnar.,GERALDO MOTA,"Gabarito C. O complexo colateral lateral (LCL) é composto por várias estruturas, incluindo o ligamento anular (B), o colateral radial (D) e o colateral lateral ulnar (LUCL). O LUCL é o componente chave e o estabilizador primário que impede a ulna de rodar externamente (supinar) e subluxar posterolateralmente em relação ao úmero. A lesão do LUCL é a lesão essencial para que ocorra a PLRI. O LCM (A) é o estabilizador primário contra o estresse em valgo.",,False
b46e62d6-1bdf-4cc1-a540-59d868af2615,TARO 2022,Cirurgia da Mão,Amputações,"Nas amputações dos dedos da mão, o neuroma sintomático do coto é uma complicação que ocorre mais frequentemente no",segundo dedo e nos traumas por avulsão.,segundo dedo e nos traumas por laceração.,terceiro dedo e nos traumas por avulsão.,terceiro dedo e nos traumas por laceração,A,segundo dedo e nos traumas por avulsão.,CAMPBELL'S,Neuromas sintomáticos... são mais comuns no dedo indicador e em lesões do tipo avulsão.,,False
692b34a2-ea1a-4811-a578-e7ed78212c50,TARO 2019,Ciência Básica,Biomecânica da marcha,"Na marcha normal, a fase de",balanço representa 60% do ciclo de marcha.,apoio corresponde a 30% do ciclo da marcha.,apoio simples corresponde a 40% do ciclo da marcha.,balanço simples corresponde a 40% do ciclo da marcha.,C,apoio simples corresponde a 40% do ciclo da marcha.,SIZÍNIO,"A fase de apoio corresponde a 60% do ciclo. Os períodos de duplo apoio ocorrem nos 10% iniciais e finais, enquanto nos 40% centrais, o apoio é simples.  A fase de balanço corresponde a 40% do ciclo, e é sempre de apoio simples (balanço simples).",,False
d5aab32a-ab00-437f-a398-132e6e48e41c,TARO 2023,Cirurgia do Quadril,Impacto fêmoro-acetabular,"Na semiologia do quadril, o teste que sugere impacto femoroacetabular anterior e/ou lesão labial anterior é o",de ELY.,de FREIBERG.,dinâmico do impacto rotatório interno (DIRI).,dinâmico do impacto rotatório externo (DIRE).,C,dinâmico do impacto rotatório interno (DIRI).,OSVANDRÉ,"No teste dinâmico de impacto rotatório interno (DIRI), o examinador realiza uma manobra dinâmica e rotatória de flexão do quadril até 90 graus ou mais, associada a adução e rotação interna. Dor nesse teste sugere impacto femoroacetabular anterior e/ou lesão labral anterior.",,False
0f5b886c-4924-4016-a1d8-4a9a23840ea7,TEOT 2023,Cirurgia do Quadril,Artroplastias do quadril,"Na biomecânica aplicada à artroplastia do quadril, a diminuição no módulo de elasticidade da haste femoral provoca",aumento do estresse na haste e aumento do estresse no osso.,aumento do estresse na haste e diminuição do estresse no osso.,diminuição do estresse na haste e aumento do estresse no osso.,diminuição do estresse na haste e diminuição do estresse no osso.,C,diminuição do estresse na haste e aumento do estresse no osso.,CAMPBELL'S,"Gabarito correto: C.  A diminuição do módulo de elasticidade da haste femoral leva a uma menor rigidez da haste.  Isso significa que, para uma mesma carga, a haste irá deformar mais. Com maior deformação da haste, menos estresse é gerado nela.  Pensando no conceito de *stress shielding*, com a haste “absorvendo” mais carga ao se deformar mais, menos carga é transmitida para o osso femoral, resultando em maior estresse no osso e menor estresse na haste.  As outras alternativas estão incorretas, pois não refletem essa relação inversa entre o módulo de elasticidade da haste e a distribuição de estresse entre a haste e o osso. Lembrem-se que hastes mais flexíveis, apesar de diminuirem o *stress shielding*, podem levar a falhas por fadiga.
",,False
3557bae9-9b4c-44c0-b12f-e02c74399ba8,TARO 2024,Ciência Básica,Fraturas Expostas,"Nas lesões do sistema musculoesquelético por projetil de arma de fogo, a indicação de retirada do projétil, pelo risco de intoxicação por chumbo, ocorre quando este está localizado",intra-articular.,intramuscular.,intraósseo na diáfise de ossos longos.,intraósseo na metáfise de ossos longos.,A,intra-articular.,GERALDO MOTA,"Gabarito: A. Perfeito! Projéteis intra-articulares devem ser removidos devido ao risco de saturnismo (intoxicação por chumbo), além da sinovite química e artrite plumbística que podem causar.  A liberação de partículas de chumbo na articulação, mesmo com projéteis revestidos (full metal jacket), causa uma reação inflamatória crônica e degeneração articular progressiva.  Nos outros locais (músculo, diáfise ou metáfise óssea), a remoção profilática não é rotineira, sendo indicada apenas se o projétil for superficial, causando dor ou compressão de estruturas nobres, ou se houver infecção associada. Lembrem-se que projéteis de arma de fogo de alta velocidade causam maior dano tecidual e liberam mais partículas de chumbo que os de baixa velocidade.
",,False
9235263d-e50d-4e6c-a18f-0680b7968ca9,TARO 2019,Ortopedia Pediátrica,Sindactilia e polidactilia,"Na sindactilia, na sua forma simples, normalmente encontra-se",alterações na epiderme.,vaso e nervo digital duplicados.,fusão óssea somente na falange distal.,inserção anômala do tendão flexor superficial dos dedos.,B,vaso e nervo digital duplicados.,TACHDIJAN'S,"Nervos e vasos são geralmente duplicados na sindactilia cutânea, e um conjunto completo pode ser fornecido para cada dedo após a separação.",,False
4e47f4e4-0eff-4b7c-a0f3-84d1b9a7342a,TARO 2021,Ciência Básica,Pé diabético,"Na síndrome do pé diabético, o principal fator preditivo para o desenvolvimento de úlceras é a",estase venosa.,microangiopatia.,macroangiopatia.,neuropatia periférica.,D,neuropatia periférica.,SIZÍNIO,"A neuropatia diabética é a causa básica para o surgimento de úlcera nos pés diabéticos... A maioria das úlceras em pés diabéticos, cerca de 80%, é causada pela neuropatia.",,False
f3858ab0-103b-4db1-8588-821b5ff8cda5,TARO 2023,Ciência Básica,Biomecânica da marcha,"Durante a marcha normal, o tornozelo suporta carga equivalente",ao peso corporal.,à metade do peso corporal.,a duas vezes o peso corporal.,a cinco vezes o peso corporal.,D,a cinco vezes o peso corporal.,CAMPBELL'S,"O tornozelo suporta 5,5 vezes o peso corporal com a deambulação normal, em comparação com três vezes o peso corporal no joelho.",,False
b5dba13d-0ca9-4bfb-bca1-e1cfa5a6d6df,TEOT 2023,Cirurgia do Quadril,Coxartrose,"A displasia do quadril do adulto jovem se caracteriza, radiograficamente, por ângulo centro borda lateral","menor que 20 graus, e o ângulo de TÖNNIS tipicamente está abaixo de 10 graus.","menor que 20 graus, e o ângulo de TÖNNIS tipicamente está acima de 10 graus.","maior que 20 graus, e o ângulo de TÖNNIS tipicamente está abaixo de 10 graus.","maior que 20 graus, e o ângulo de TÖNNIS tipicamente está acima de 10 graus.",B,"menor que 20 graus, e o ângulo de TÖNNIS tipicamente está acima de 10 graus.",CAMPBELL'S,"O gabarito B está correto. A displasia do desenvolvimento do quadril (DDQ) no adulto jovem se caracteriza por um índice de extrusão da cabeça femoral ou ângulo centro-borda lateral de Wiberg menor que 20 graus.  Lembrem-se que este ângulo avalia o quanto a cabeça femoral está ""coberta"" pelo acetábulo, sendo um dos principais parâmetros radiográficos para avaliar a congruência articular.  Na DDQ, a cobertura lateral é deficiente, predispondo à subluxação e artrose precoce.  O ângulo de Tönnis, por sua vez, avalia o ""teto"" acetabular e, na displasia, costuma estar aumentado (acima de 10 graus), indicando uma inclinação excessiva que contribui para a instabilidade.  As outras alternativas estão incorretas, pois misturam os valores ou os invertem, representando achados radiográficos opostos ao da displasia.
",,False
e1abe0f4-1436-4208-b71a-23dfb5746baf,TARO 2015,Ortopedia Pediátrica,Fraturas do Pé e Tornozelo na criança,A fratura de estresse no pé da criança geralmente ocorre,no colo do segundo metatarsal,no colo do terceiro metatarsal,na diáfise do segundo metatarsal,na diáfise do terceiro metatarsal,A,no colo do segundo metatarsal,ROCKWOOD'S PED,"O segundo metatarso é o osso mais comum no pé a sofrer uma fratura de estresse. Isso geralmente ocorre no colo do metatarso, na junção da diáfise móvel com a metáfise rígida.",,False
065d05c5-7e20-4405-9ba4-d74b6c1f1741,TEOT 2022,Ciência Básica,Biomecânica do Cotovelo,"Na biomecânica do cotovelo, a carga axial em extensão é distribuída",unicamente na articulação radiocapitelar.,igualmente entre as articulações umeroulnar e radiocapitelar.,60% na articulação umeroulnar e 40% na articulação radiocapitelar.,40% na articulação umeroulnar e 60% na articulação radiocapitelar.,D,40% na articulação umeroulnar e 60% na articulação radiocapitelar.,CAMPBELL'S,"O gabarito D está correto. A carga axial em extensão do cotovelo é distribuída de forma desigual entre a articulação umeroulnar e a radiocapitelar, com a articulação radiocapitelar suportando a maior parte da carga (aproximadamente 60%), e a umeroulnar os 40% restantes.  Essa distribuição de carga é importante para entendermos a progressão da artrose, bem como o planejamento de artroplastias. Lembrem-se que a  articulação radiocapitelar é fundamental para a estabilidade em varo e valgo do cotovelo, especialmente em flexão, o que contribui para essa maior carga axial. As alternativas A e B estão incorretas, pois ignoram a distribuição desigual da carga. A alternativa C inverte os valores corretos da distribuição.
",,False
226c3710-8b99-46d6-ad7a-d2a7d1497dd1,TARO 2018,Ciência Básica,Exame Físico da Coluna,"Na semiologia da coluna lombar, o teste de SCHOBER modificado auxilia na identificação de",obliquidade pélvica dolorosa.,escoliose lombar não estruturada.,hiperlordose lombar dolorosa e estruturada.,limitação dos movimentos da coluna lombar.,D,limitação dos movimentos da coluna lombar.,OSVANDRÉ,"O teste de Schober modificado mede a flexão lombar. A distância entre duas marcas (uma na linha das espinhas ilíacas póstero-superiores e outra 10 cm acima) deve aumentar para mais de 15 cm na flexão máxima, indicando a mobilidade da coluna.",,False
68de1829-0548-4319-844a-4344780758c2,TARO 2015,Cirurgia do Quadril,Fraturas Transtrocanterianas,"Na fratura transtrocantérica, a fratura mais frequentemente associada é a da extremidade distal do",rádio ipsilateral.,rádio contralateral.,úmero ipsilateral.,úmero contralateral.,A,rádio ipsilateral.,ROCKWOOD'S,"Em quedas de baixa energia que resultam em fraturas de quadril, as lesões associadas mais comuns são fraturas do rádio distal ou úmero proximal ipsilaterais.",,False
bc941282-5103-4af5-aea3-33ac38d64311,TARO 2019,Ortopedia Pediátrica,"Lesões Meniscais, menisco discoide e reparos meniscais",O menisco discoide é mais frequente no menisco,lateral e do tipo completo.,medial e do tipo completo.,lateral e do tipo WRISBERG.,medial e do tipo WRISBERG.,A,lateral e do tipo completo.,CAMPBELL'S,"O menisco discoide é uma anomalia meniscal incomum que ocorre com mais frequência lateralmente do que medialmente. Os tipos completo e incompleto são mais comuns, têm formato de disco e possuem uma inserção meniscal posterior.",,False
6ce64175-76f4-4ff6-bf82-ac94c7c1c43c,TEOT 2021,Cirurgia do Quadril,Biomecânica do Quadril,"Na fase de apoio monopodálico durante a corrida, o mecanismo abdutor do quadril exerce uma força em relação ao peso corporal de até",3 vezes.,5 vezes.,7 vezes.,10 vezes.,D,10 vezes.,ROCKWOOD'S,"Gabarito: D.  Durante a fase de apoio monopodálico da corrida, a força exercida pelo mecanismo abdutor do quadril pode chegar a até 10 vezes o peso corporal do indivíduo.  Essa força consideravelmente alta é necessária para estabilizar a pelve e evitar a queda da pelve contralateral,  compensando o momento gerado pelo peso corporal atuando em um braço de alavanca relativamente longo.  As outras alternativas subestimam significativamente a magnitude dessa força, crucial para a biomecânica da corrida e  compreensão das forças atuantes no quadril, especialmente em atividades de alto impacto.
",,False
01b858cc-742a-4cc2-952d-e14f3ea782af,TEOT 2023,Ciência Básica,Traumatismo Raquimedular e síndrome da cauda equina,"No traumatismo raquimedular, o reflexo bulbo cavernoso avalia as raízes",L5 e S1.,S1 e S2.,S2 e S3.,S4 e S5.,C,S2 e S3.,ROCKWOOD'S,"Gabarito: C. Perfeito! O reflexo bulbocavernoso (RBC) avalia a integridade do arco reflexo sacral, especificamente as raízes nervosas S2-S4, com maior ênfase em S2 e S3.  A resposta ""S2 e S3"" é a mais adequada dentre as opções.  O teste envolve a compressão da glande do pênis ou clitóris, ou tração de um cateter de Foley, e a observação da contração do esfíncter anal.  A ausência desse reflexo sugere lesão no cone medular ou cauda equina, sendo um importante parâmetro na avaliação neurológica inicial e no acompanhamento de pacientes com trauma raquimedular. As outras alternativas contemplam raízes nervosas fora do principal arco reflexo avaliado pelo RBC.
",,False
00e0f4c1-a40a-4442-828a-27ecbb0e0d24,TARO 2024,Ciência Básica,Biomecânica da Coluna ,"Na biomecânica da coluna, mais de 60% da lordose lombar é decorrente dos discos de",L1-L2 e L2-L3,L2-L3 e L3-L4.,L3-L4 e L4-L5.,L4-L5 e L5-S1.,D,L4-L5 e L5-S1.,CAMPBELL'S,"Gabarito correto: D.  A maior parte da lordose lombar (cerca de 60-70%) é atribuída aos discos intervertebrais de L4-L5 e L5-S1.  A lordose lombar é uma curvatura fisiológica anterior da coluna lombar, essencial para a postura ereta e distribuição de carga. Embora todos os discos intervertebrais lombares contribuam para a lordose, a angulação mais significativa ocorre nos níveis L4-L5 e L5-S1, tornando-os os principais responsáveis pela lordose total. As demais alternativas subestimam a contribuição desses dois níveis inferiores da coluna lombar para a lordose.
",,False
4202d345-1650-4ab1-8514-f59103b9ea8e,TARO 2024,Cirurgia do Quadril,Síndrome trocantérica,"Paciente do sexo feminino, 64 anos, relata dor no quadril esquerdo há
1 ano, de início insidioso e progressivo, com piora na última semana. Refere
dor intensa à palpação da região lateral do quadril, particularmente sobre o
grande trocanter. A paciente apresenta dor exacerbada nos testes de rotação
externa contra resistência e de abdução contra resistência. O diagnóstico
mais provável é",osteoartrite do quadril.,impacto femoroacetabular.,fratura por estresse do fêmur proximal.,síndrome dolorosa do grande trocanter.,D,síndrome dolorosa do grande trocanter.,CAMPBELL'S,"Gabarito **D**. A questão descreve um quadro clássico de síndrome dolorosa do grande trocânter (SDGT), também conhecida como bursite trocantérica,  caracterizada por dor na face lateral do quadril, exacerbada pela palpação local.  A SDGT  é uma condição comum, principalmente em mulheres de meia-idade e idosas, causada por inflamação das bursas trocantéricas (principalmente a bursa subglúteo médio) e/ou tendinopatia dos abdutores e rotadores externos do quadril, muitas vezes o glúteo médio.  Osteoartrite de quadril costuma cursar com dor inguinal e limitação da mobilidade; o impacto femoroacetabular acomete pacientes mais jovens e causa dor anterior no quadril com movimentos específicos; e fratura por estresse, apesar de possível, é menos provável nesse cenário clínico sem história de trauma ou atividade física de alto impacto.
",https://i.imgur.com/lcZJfK4.png,False
3f702e71-a471-4fe5-a10e-4132f79d1678,TEOT 2022,Anatomia,Vias de acesso do joelho,A via de acesso subvasto anteromedial do joelho preserva a vascularização da patela ao poupar,a artéria retinacular superior.,a artéria genicular descendente.,o ramo safeno da artéria femoral.,a artéria genicular superior medial.,B,a artéria genicular descendente.,CAMPBELL'S,"Gabarito: B. A questão aborda a vascularização da patela e a importância da preservação da artéria genicular descendente na via subvasto anteromedial. A patela recebe suprimento sanguíneo principalmente da artéria genicular descendente, um ramo da artéria femoral. A via subvasto, ao contrário da medial parapatelar, preserva essa artéria crucial, minimizando o risco de necrose patelar e outras complicações. As demais alternativas, artéria retinacular superior (ramo da artéria circunflexa femoral lateral), ramo safeno da artéria femoral e artéria genicular superior medial, não são tão importantes para a vascularização da patela quanto a artéria genicular descendente, tornando-as incorretas no contexto da via subvasto anteromedial.
",,False
2be28265-ad95-4b12-9f46-bb8d371f58f7,BANCO PRÓPRIO,Ciência Básica,Biomecânica do Ombro,"Na biomecânica do ombro, a ação do músculo deltoide produz primariamente uma força de",compressão horizontal.,compressão horizontal.,cisalhamento vertical.,cisalhamento horizontal.,C,cisalhamento vertical.,GERALDO MOTA,"O gabarito está correto. A ação primária do músculo deltoide, principalmente suas fibras médias e anteriores, durante a abdução do ombro, gera uma força de cisalhamento superior na articulação glenoumeral.  Imagine o deltoide “puxando” o úmero para cima, contra a cavidade glenoide.  Isso cria um vetor de força direcionado superiormente, que tende a deslocar a cabeça umeral para cima, caracterizando o cisalhamento vertical.  Compressão articular, seja horizontal ou não, é mais associada à ação dos músculos do manguito rotador, que estabilizam dinamicamente a cabeça umeral contra a glenoide. Cisalhamento horizontal seria um deslocamento lateral da cabeça umeral, o que não é a principal ação do deltoide.
",,False
e84f50f5-b513-42d5-a10d-3fe259a05036,TEOT 2025,Cirurgia do Quadril,Fraturas Transtrocanterianas,"Nas fraturas transtrocanterianas do fêmur, a espessura da parede lateral é a distância, em milímetros, entre um ponto","3 cm distal ao tubérculo inominado do trocanter maior até um ponto na linha da fratura do fragmento distal, angulado 135 graus.","3 cm distal ao tubérculo inominado do trocanter maior até um ponto na linha da fratura do fragmento distal, angulado 150 graus.","6 cm distal ao tubérculo inominado do trocanter maior até um ponto na linha da fratura do fragmento distal, angulado 135 graus.","6 cm distal ao tubérculo inominado do trocanter maior até um ponto na linha da fratura do fragmento distal, angulado 150 graus.",A,"3 cm distal ao tubérculo inominado do trocanter maior até um ponto na linha da fratura do fragmento distal, angulado 135 graus.",CAMPBELL'S,"Correto, A. Esta é a definição precisa da ""Espessura da Parede Lateral"" (LWT), crucial para decidir entre DHS (risco de explosão) e Haste IM. A LWT é medida como a distância de um ponto na cortical lateral (o ""flare"" trocantérico, definido como 3 cm distal ao tubérculo inominado) até a linha da fratura, ao longo do eixo padrão do parafuso deslizante (ângulo de 135 graus). Uma parede < 20.5 mm geralmente indica o uso de haste.",,False
3efedb83-9a85-489c-954e-24ee7a72a77b,TARO 2016,Ciência Básica,Fraturas Expostas,"Na síndrome compartimental após fratura exposta da tíbia, a lesão de partes moles corresponde, segundo a classificação de TSCHERNE, ao grau",1.,2.,3.,4.,C,3.,CAMPBELL'S,"Grau 3 (Tscherne): A fratura deve ter dano grave aos tecidos moles, muitas vezes com lesão de grandes vasos ou nervos, ou ambos; todas as fraturas acompanhadas por isquemia e cominuição óssea grave pertencem a este grupo, assim como aquelas associadas à síndrome compartimental.",,False
43a8a43b-8f25-44e5-8857-a16d726b17b5,BANCO PRÓPRIO,Ortopedia Pediátrica,Pé Talus Vertical,O pé talo vertical é,flexível e tem a região plantar côncava.,flexível e tem a região plantar convexa.,rígido e tem a região plantar convexa.,rígido e tem a região plantar côncava.,C,rígido e tem a região plantar convexa.,TACHDIJAN'S,"Gabarito: **C**. O pé talo vertical, também conhecido como pé calcâneo-valgo fixo, é uma deformidade **rígida** caracterizada pela **convexidade da região plantar**.  A dorsiflexão do pé é excessiva, muitas vezes permitindo que o dorso do pé toque a região anterior da tíbia.  Diferentemente do pé calcâneo-valgo posicional, que é flexível, o pé talo vertical possui contratura das estruturas dorsais e mediais do pé. As alternativas A e B estão incorretas por descreverem um pé flexível, enquanto a alternativa D está incorreta por descrever uma região plantar côncava, quando na verdade ela é convexa.
",,False
5de4cfca-b525-47cb-8739-ef8cf4d83824,TEOT 2025,Ortopedia Pediátrica,Mão torta radial e ulnar,"Na radiografia apresentada a seguir, segundo BAYNE e KLUG, a malformação congênita é classificada como tipo",I.,II.,III.,IV.,C,III.,TACHDIJAN'S,"Gabarito C. Esta questão apresenta uma inconsistência. A classificação de Bayne e Klug para displasia radial é: I (rádio curto), II (hipoplásico), III (ausência parcial), IV (ausência total). A radiografia demonstra claramente uma ausência completa (aplasia) do rádio, que corresponde à definição do Tipo IV. O gabarito aponta Tipo III (ausência parcial), o que está incorreto para esta imagem clássica de Tipo IV.",,False
2170db57-370a-4ae8-ade6-6c0010a9d613,TARO 2017,Ciência Básica,Traumatismo Raquimedular e síndrome da cauda equina,"No trauma raquimedular com choque neurogênico, são observadas as seguintes alterações clínicas","bradicardia, débito urinário baixo e extremidades frias.","taquicardia, débito urinário baixo e extremidades frias.","bradicardia, débito urinário normal e extremidades quentes.","taquicardia, débito urinário normal e extremidades quentes.",C,"bradicardia, débito urinário normal e extremidades quentes.",ROCKWOOD'S PED,"O choque neurogênico caracteriza-se por hipotensão, bradicardia, extremidades quentes e débito urinário normal.",,False
f423d363-1360-46e9-a030-13d8fbfde2c7,BANCO PRÓPRIO,Cirurgia do Ombro e Cotovelo,Síndrome do desfiladeiro torácico,"Na síndrome do desfiladeiro torácico, o teste que avalia a permeabilidade da artéria subclávia é o de",ADSON.,SPURLING.,DAVIDSON.,LHERMITTE.,A,ADSON.,FALLOPA,"Gabarito: A. O teste de Adson, também conhecido como teste de Adson modificado ou teste da artéria subclávia,  é realizado com o paciente sentado, com os braços apoiados sobre os joelhos. O examinador palpa o pulso radial enquanto o paciente realiza uma inspiração profunda, estende o pescoço e gira a cabeça em direção ao membro examinado.  Um teste positivo é indicado pela diminuição ou desaparecimento do pulso radial e sugere compressão da artéria subclávia, geralmente por costela cervical ou contratura dos músculos escalenos anterior e médio, caracterizando a síndrome do desfiladeiro torácico. O teste de Spurling avalia compressão radicular cervical. O teste de Davidson é utilizado para avaliar instabilidade glenoumeral posterior. O teste de Lhermitte investiga irritação meníngea na coluna cervical.
",,False
d066743c-dee7-493c-9547-62d26cd2ab18,BANCO PRÓPRIO,Ortopedia Pediátrica,Fraturas da coluna na criança,"Fratura toracolombar na criança, são critérios de instabilidade",40 graus de cifose e perda de mais de 50% de altura da vértebra.,40 graus de cifose e perda de mais de 70% de altura da vértebra.,20 graus de cifose e perda de mais de 50% de altura da vértebra.,20 graus de cifose e perda de mais de 70% de altura da vértebra.,A,40 graus de cifose e perda de mais de 50% de altura da vértebra.,TACHDIJAN'S,"O gabarito correto é, de fato, a letra A.  Fraturas toracolombares na criança com cifose maior que 40 graus e perda de altura vertebral anterior maior que 50% são consideradas instáveis e geralmente requerem tratamento cirúrgico para promover estabilidade e prevenir deformidade progressiva.  A deformidade em cifose, especialmente acima de 40 graus, sugere ruptura do complexo ligamentar posterior, enquanto a perda significativa da altura vertebral anterior indica comprometimento do corpo vertebral.  As demais alternativas apresentam valores fora dos critérios de instabilidade geralmente aceitos para fraturas toracolombares pediátricas. Lembrem-se que  fraturas na criança têm maior potencial de remodelamento, mas deformidades significativas, como as descritas na alternativa correta, frequentemente necessitam de intervenção para evitar problemas a longo prazo.
",,False
f0ce628f-4286-4ea5-9cd8-bded68016754,TARO 2023,Cirurgia do Quadril,Vias de acesso do quadril,"Na via de acesso posterior para tratamento da fratura do acetábulo, a tenotomia do piriforme e obturador interno deve ser a pelo menos","1,5 cm do grande trocanter para evitar lesionar ramos da artéria circunflexa medial.","0,5 cm do grande trocanter para evitar lesionar ramos da artéria circunflexa lateral.","1,5 cm do grande trocanter para evitar lesionar ramos da artéria circunflexa lateral.","0,5 cm do grande trocanter para evitar lesionar ramos da artéria circunflexa medial.",A,"1,5 cm do grande trocanter para evitar lesionar ramos da artéria circunflexa medial.",ROCKWOOD'S,"A transecção dos tendões do piriforme e do obturador interno deve ser realizada a pelo menos 1,5 cm do trocânter maior para evitar lesão do ramo ascendente da artéria circunflexa femoral medial.",,False
0678392b-287f-410f-8d36-700b4a88e657,TEOT 2025,Ortopedia Pediátrica,Fraturas da coluna na criança,"Nas lesões traumáticas toracolombares em crianças, o sinal da faceta vazia (empty facet) é observado nas imagens tomográficas no plano",axial e representa uma lesão por compressão.,sagital e representa uma lesão por compressão.,axial e representa uma lesão por flexo-distração.,sagital e representa uma lesão por flexo-distração.,C,axial e representa uma lesão por flexo-distração.,ROCKWOOD'S PED,"Gabarito: C. O sinal da faceta vazia (""empty facet sign"") é um importante achado tomográfico no plano axial, sugestivo de lesão por flexo-distração, especificamente luxação facetária.  Na imagem axial, a faceta articular inferior da vértebra superior parece ""vazia"" porque o processo articular superior da vértebra inferior se deslocou anteriormente para fora da articulação facetária. Esse deslocamento é característico do mecanismo de flexo-distração, que causa ruptura dos ligamentos posteriores e deslocamento anterior da vértebra.  As lesões por compressão, por outro lado, geralmente resultam em fraturas por esmagamento do corpo vertebral, e não em luxação facetária. O sinal da faceta vazia não é visualizado no plano sagital, tornando as alternativas B e D incorretas.
",,False
c8029f5c-9551-401f-b1cf-400f43620d83,TARO 2020,Ciência Básica,Exame Físico da Coluna,"No exame físico da coluna, o déficit do músculo glúteo médio está associado à lesão da raiz",L3,L4,L5,S1,C,L5,FALLOPA,"O nível L5 é testado pela extensão ativa do hálux. Nesse nível, ainda há... o glúteo médio inervado... pelo nervo glúteo superior.",,False
ede5db39-b39a-49c9-84cf-d029a708a1cc,TARO 2023,Cirurgia do Quadril,Fratura diafisária do fêmur,"Na fratura da diáfise do fêmur, as fraturas associadas mais comuns são","tíbia e fíbula, seguida de tornozelo.","tíbia e fíbula, seguida de esterno e costela.","fêmur distal, seguida de tornozelo.","fêmur distal, seguida de esterno e costela.",B,"tíbia e fíbula, seguida de esterno e costela.",ROCKWOOD'S,"As duas lesões ósseas mais comumente associadas foram a tíbia/fíbula (20,5%) e as costelas/esterno (19,1%).",,False
3094bbaf-8f55-46e6-a344-c120960b86df,BANCO PRÓPRIO,Ortopedia Pediátrica,Deformidade de Sprengel,"Na doença de SPRENGEL, as deformidades congênitas mais frequentemente associadas são",hemivértebra e torcicolo congênito.,KLIPPEL-FEIL e torcicolo congênito.,hemivértebra e malformação de costelas.,KLIPPEL-FEIL e malformação das costelas.,D,KLIPPEL-FEIL e malformação das costelas.,LOVELL'S,"Gabarito correto: D.  A deformidade de Sprengel, ou escápula alta congênita,  é uma falha na descida da escápula durante o desenvolvimento embrionário.  Ela está comumente associada a outras anomalias congênitas, principalmente a síndrome de Klippel-Feil (fusão congênita de duas ou mais vértebras cervicais) e malformações das costelas (ausência, fusão ou costelas hipoplásicas).  Embora o torcicolo congênito e hemivértebras também possam ocorrer em pacientes com outras anomalias esqueléticas, a associação mais frequente na deformidade de Sprengel é com a síndrome de Klippel-Feil e as malformações costais, tornando a alternativa ""D"" a correta.  A presença dessas anomalias associadas reforça a importância de uma avaliação completa da coluna vertebral e caixa torácica nesses pacientes.
",,False
00fc0ad2-8f34-416d-9733-32f16fe7d141,TEOT 2023,Cirurgia do Pé e Tornozelo,Fraturas por estresse,"O pé cavo e o pé plano favorecem a ocorrência de fratura por estresse, respectivamente, no",tálus e metatarso.,metatarso e tálus.,calcâneo e metatarso.,metatarso e calcâneo.,C,calcâneo e metatarso.,GERALDO MOTA,"Gabarito **C**.  No pé cavo, a descarga de peso se concentra no retropé, especialmente no calcâneo, predispondo a fraturas por estresse nessa região.  A maior rigidez do pé cavo e o impacto repetitivo durante a corrida contribuem para o desenvolvimento dessas fraturas.  Já o pé plano, por apresentar uma pronação excessiva e sobrecarga no médiopé,  predispõe a fraturas por estresse nos metatarsos, principalmente no segundo, terceiro e quinto.  As outras alternativas estão incorretas, pois não refletem o padrão típico de distribuição de estresse e, consequentemente, o local mais comum de fraturas por estresse nesses tipos de pé.
",,False
af0999a2-be64-4249-a102-deae622506d5,TEOT 2025,Cirurgia do Ombro e Cotovelo,Síndrome do manguito rotador,"No tratamento cirúrgico das lesões irreparáveis anterossuperiores do manguito rotador, o enxerto de escolha para a transferência tendinosa é o",grande dorsal.,peitoral maior.,redondo maior.,tendão conjunto.,B,peitoral maior.,CAMPBELL'S,"O gabarito correto é a letra B.  Nas lesões irreparáveis  do manguito rotador anterossuperiores  (envolvendo supra e infraespinhal), o enxerto de  peitoral maior é o preferido por diversos autores.  A transferência do peitoral maior  proporciona  boa  restauração da rotação externa e  abdução,  com  resultados  funcionais consistentes.  Embora o grande dorsal (A) e o redondo maior (C)  possam ser utilizados em  transferências tendinosas,  eles  são  mais  indicados  para  lesões  posteriores  ou  irreparáveis  extensas. O tendão conjunto (cabeça curta do bíceps e coracobraquial) (D) não é indicado para reconstrução do manguito rotador.
",,False
f39cbc73-edfb-405d-8eb6-b0f527e0159d,TARO 2018,Ortopedia Pediátrica,Espondilolistese,"Na espondilolistese displásica de alto grau, o risco elevado de progressão relaciona-se ao platô sacral",plano e corpo vertebral de L5 retangular.,plano e corpo vertebral de L5 trapezoidal.,redondo e corpo vertebral de L5 retangular.,redondo e corpo vertebral de L5 trapezoidal.,D,redondo e corpo vertebral de L5 trapezoidal.,CAMPBELL'S,"A espondilolistese displásica de alto grau é caracterizada por grandes deficiências dos arcos posteriores... platô superior de S1 (que geralmente é arredondado) e o corpo de L5, que é trapezoidal.",,False
9acf0705-4d3e-4b96-93a7-f4bb0e8ea5ac,TARO 2015,Ciência Básica,Metabolismo de cálcio e da vitamina D; Raquitismo,O raquitismo induzido por medicamentos está relacionado principalmente ao uso de,hipoglicemiantes.,anticonvulsivantes.,hormônio tireoidiano.,complexo vitamínico.,B,anticonvulsivantes.,TACHDIJAN'S,Certos medicamentos antiepilépticos são conhecidos por produzirem alterações raquíticas em crianças.,,False
84802da6-2d56-45d9-8674-083dbd1bdf28,TARO 2020,Ortopedia Pediátrica,Fraturas dos ossos da perna,"Na fratura metafisária proximal da tíbia na criança, a faixa etária e a complicação mais frequente são, respectivamente, entre",3 a 6 anos e deformidade em varo.,3 a 6 anos e deformidade em valgo.,9 a 12 anos e deformidade em varo.,9 a 12 anos e deformidade em valgo.,B,3 a 6 anos e deformidade em valgo.,TACHDIJAN'S,As fraturas da face proximal da tíbia são mais comuns na faixa etária de 3 a 6 anos... A complicação mais comum... é uma deformidade em valgo.,,False
e6382005-563c-4c89-b50b-5dd778598573,TARO 2021,Cirurgia do Ombro e Cotovelo,Síndrome do desfiladeiro torácico,"Na síndrome do desfiladeiro torácico, um dos focos de compressão do plexo braquial se encontra",no espaço coracoclavicular.,no triângulo interescalênico.,anteriormente à musculatura peitoral.,na região posterior do esternocleidomastóideo.,B,no triângulo interescalênico.,GERALDO MOTA,São vários os pontos em que as estruturas vasculares e nervosas podem ser comprimidas: 1. Triângulo formado pelos músculos escalenos anterior e médio. 2. Entre a clavícula e o músculo subclávio. 3. Entre o processo coracoide e o músculo peitoral menor.,,False
ea861d69-e32e-4d43-866d-38066522a959,BANCO PRÓPRIO,Ortopedia Pediátrica,Sindactilia e polidactilia,"Na sindactilia, a contra indicação cirúrgica absoluta é",insuficiência circulatória.,formação de cicatriz no espaço interdigital.,migração distal do espaço interdigital.,deformidade angular do dedo.,A,insuficiência circulatória.,CAMPBELL'S,"Gabarito: A. A insuficiência circulatória representa uma contraindicação absoluta para a cirurgia de sindactilia. A separação dos dedos em um paciente com suprimento sanguíneo comprometido pode levar à necrose tecidual e perda do dedo. As demais alternativas não são contraindicações absolutas. A formação de cicatriz no espaço interdigital, a migração distal do espaço interdigital e a deformidade angular do dedo são complicações potenciais da cirurgia de sindactilia, mas podem ser tratadas com procedimentos adicionais, se necessário.  Portanto,  a avaliação vascular criteriosa é fundamental no planejamento cirúrgico da sindactilia, postergando o procedimento até que haja segurança na perfusão tecidual.
",,False
10959605-a621-4d73-bddc-a7d82e9e7c27,BANCO PRÓPRIO,Cirurgia do Ombro e Cotovelo,Deformidades congênitas dos membros superiores,O ligamento de VICKERS está relacionado à,deformidade de KIRNER no dedo.,deformidade de MADELUNG no punho.,camptodactilia.,falange em delta.,B,deformidade de MADELUNG no punho.,CAMPBELL'S,"O gabarito correto é a letra B. A deformidade de Madelung, também conhecida como deformidade de Madelung, é uma deformidade congênita do punho que afeta o crescimento da placa de crescimento distal do rádio.  O rádio distal torna-se encurtado e inclinado volarmente, enquanto o crescimento da ulna continua normalmente, resultando em subluxação dorsal da ulna. O ligamento de Vickers, um espessamento da cápsula articular volar e ulnocarpal, contribui para a deformidade ao restringir o crescimento do rádio e acentuar a curvatura volar. A deformidade de Kirner (letra A) é uma curvatura volar da falange distal do dedo mínimo. Camptodactilia (letra C) refere-se a uma deformidade em flexão de um dedo, geralmente no dedo mínimo. A falange em delta (letra D) é uma falange do polegar que tem uma forma triangular ou trapezoidal na radiografia, frequentemente associada à sindactilia.
",,False
31219048-522e-420f-9a26-60a7042e0505,BANCO PRÓPRIO,Cirurgia do Ombro e Cotovelo,Síndrome do desfiladeiro torácico,"Na síndrome do desfiladeiro torácico, o teste de Adson é positivo se houver",dor no trajeto do nervo ulnar.,parestesia na região cervical.,diminuição ou ausência do pulso radial.,dor à palpação na fossa supraclavicular.,C,diminuição ou ausência do pulso radial.,FALLOPA,"Gabarito: C. O teste de Adson, utilizado na avaliação da síndrome do desfiladeiro torácico (SDT), é considerado positivo quando há diminuição ou ausência do pulso radial durante a abdução, extensão e rotação externa do membro superior, juntamente com a rotação da cabeça para o lado ipsilateral.  Essa manobra comprime a artéria subclávia e o plexo braquial na passagem entre os músculos escalenos anterior e médio, reproduzindo os sintomas da SDT neurogênica ou arterial.  A dor no trajeto do nervo ulnar (A) não é característica da SDT, sendo mais comum em compressões no cotovelo (síndrome do túnel cubital) ou punho (síndrome do túnel de Guyon).  Parestesia na região cervical (B) pode ocorrer, mas não é o principal achado no teste de Adson. Dor à palpação na fossa supraclavicular (D) pode estar presente em diversas condições, incluindo a SDT, mas não é específica do teste de Adson, que avalia principalmente o comprometimento vascular.
",,False
a2dd4a91-24c9-4b65-81af-74c8a513ee90,BANCO PRÓPRIO,Cirurgia da Mão,Amputações,"Na amputação traumática sobre uma das articulações IFP da mão, com aparelho extensor irreparável, é importante o planejamento de um reimplante com",artrodese.,reperfusão rápida.,transferência de dedo.,transferência tendinosa.,A,artrodese.,CAMPBELL'S,"O gabarito correto é a letra A. Em amputações traumáticas sobre as articulações interfalangeanas proximais (IFP) da mão, com o aparelho extensor irreparável, a artrodese da articulação afetada é o procedimento de escolha.  A artrodese proporciona estabilidade e previne a deformidade em flexão que inevitavelmente ocorreria na ausência do aparelho extensor, além de manter o comprimento do dedo. Reimplante, mesmo com reperfusão rápida (letra B),  é tecnicamente mais complexo e com prognóstico inferior em casos de lesão extensa do aparelho extensor. Transferência de dedo (letra C) e transferência tendinosa (letra D), embora sejam opções reconstrutivas em cenários específicos da mão, não se aplicam a esse caso de amputação traumática com perda extensa do aparelho extensor.  A prioridade é a estabilidade articular e prevenção de deformidades, objetivos alcançados com a artrodese.
",,False
866b03bc-5b66-40c0-8b58-849bad1eeb77,BANCO PRÓPRIO,Cirurgia da Mão,Amputações,"Na amputação do dedo indicador, a ressecção de todo o raio é mais bem indicada quando a primeira amputação é no nível da",falange média ou mais proximal.,articulação metacarpofalangeana.,articulação interfalangeana distal ou mais proximal.,articulação interfalangeana proximal ou mais proximal.,D,articulação interfalangeana proximal ou mais proximal.,CAMPBELL'S,"O gabarito D está correto. Amputações do dedo indicador na articulação interfalangeana proximal (IFP) ou mais proximalmente, tipicamente resultam em uma mão mais funcional se o raio inteiro for ressecado.  Isso ocorre porque a preservação do metacarpo, nesses casos, cria uma protuberância óssea que atrapalha a função de preensão da mão, pinçando objetos entre o polegar e o metacarpo remanescente do indicador.  A ressecção do raio melhora a função da mão ao criar uma fenda que facilita a preensão e evita o pinçamento doloroso.  Preservar o metacarpo é mais frequentemente considerado em amputações na articulação interfalangeana distal (IFD) ou mais distalmente, onde a proeminência óssea residual é menos problemática e a estabilidade da pegada pode ser melhorada.
",,False
3c07b9df-9faf-4f10-9883-378e0ee74cb5,BANCO PRÓPRIO,Ciência Básica,Biomecânica do Cotovelo,A estrutura mais importante para garantir a estabilidade do cotovelo no estresse em valgo a 90º de flexão é,a cabeça do rádio.,a cápsula articular.,o ligamento colateral lateral.,o ligamento colateral medial.,D,o ligamento colateral medial.,CAMPBELL'S,"Gabarito correto: D. O ligamento colateral medial (LCM) é a estrutura mais importante para a estabilidade do cotovelo em estresse em valgo, principalmente com o cotovelo fletido a 90 graus.  O LCM é composto por três bandas (anterior, posterior e transversa), sendo a banda anterior a principal restrição ao valgo com o cotovelo em flexão. A banda anterior se origina no epicôndilo medial do úmero e se insere no processo coronóide da ulna.  As outras alternativas estão incorretas, pois a cabeça do rádio contribui mais para a estabilidade longitudinal e rotacional do antebraço, a cápsula articular oferece estabilidade geral, mas não é a principal estrutura contra o valgo, e o ligamento colateral lateral resiste ao estresse em varo.
",,False
6c70ff92-5f5d-4c26-9a4c-3bd1a1330153,BANCO PRÓPRIO,Cirurgia do Ombro e Cotovelo,Síndrome do desfiladeiro torácico,"Na síndrome do desfiladeiro torácico, o teste que avalia a permeabilidade da artéria subclávia é o de",ADSON.,SPURLING.,DAVIDSON.,LHERMITTE.,A,ADSON.,OSVANDRÉ,"Gabarito: A. O teste de Adson, também conhecido como teste de Adson modificado,  é utilizado na avaliação da síndrome do desfiladeiro torácico (SDT), especificamente para avaliar a compressão da artéria subclávia.  A manobra consiste na palpação do pulso radial enquanto o paciente  roda a cabeça em direção ao membro examinado, estende o pescoço e realiza uma inspiração profunda.  A diminuição ou desaparecimento do pulso radial sugere compressão da artéria subclávia pelo músculo escaleno anterior, indicando uma SDT neurovascular.  As demais alternativas são testes para outras condições: Spurling para compressão radicular cervical, Davidson para instabilidade glenoumeral posterior e Lhermitte para irritação meníngea.
",,False
ecd36f47-9cd0-4c7c-93a8-d44a1096497f,BANCO PRÓPRIO,Cirurgia do Ombro e Cotovelo,Síndrome do desfiladeiro torácico,"Na síndrome do desfiladeiro torácico, o teste de Adson é positivo se houver",dor no trajeto do nervo ulnar.,parestesia na região cervical.,diminuição ou ausência do pulso radial.,dor à palpação na fossa supraclavicular.,C,diminuição ou ausência do pulso radial.,FALLOPA,"Gabarito: C. O teste de Adson, realizado com o paciente sentado, abduzindo e rotando externamente o membro superior a ser testado,  com o pescoço em extensão e virado para o lado ipsilateral, avalia a compressão da artéria subclávia e do plexo braquial no desfiladeiro torácico.  Um teste positivo é evidenciado pela diminuição ou desaparecimento do pulso radial, acompanhado ou não de parestesia no membro.  As alternativas A e B descrevem sintomas que não são tipicamente associados à compressão neurovascular no desfiladeiro torácico durante o teste de Adson.  A alternativa D, dor à palpação na fossa supraclavicular, pode estar presente em diversas condições, não sendo específica para síndrome do desfiladeiro torácico e não sendo um componente do teste de Adson.
",,False
058ed850-e34e-4589-9828-b4388bc3ec16,BANCO PRÓPRIO,Cirurgia do Quadril,Fraturas do anel pélvico,"Na fratura da pelve, o sangramento venoso é o mais comum, originando-se",do plexo venoso ilíaco.,do plexo venoso pré-sacral.,das veias lombares ascendentes.,das veias glúteas.,B,do plexo venoso pré-sacral.,ROCKWOOD'S,"🔎 Gabarito B. O sangramento é a principal causa de morte na fratura pélvica instável. Embora lesões arteriais (como a glútea superior ou pudenda interna) sejam graves e exijam embolização, a vasta maioria do sangramento (80-90%) é de origem venosa e das superfícies ósseas esponjosas cruentas. O plexo venoso pré-sacral (plexo de BATSON) é uma rede venosa vasta e avalvular que é invariavelmente lacerada em fraturas do sacro e dissociações sacroilíacas, sendo a principal fonte desse sangramento volumoso de baixa pressão.",,False
b296052f-7296-4cd5-9fc9-9289bc2a75d7,BANCO PRÓPRIO,Cirurgia do Quadril,Fratura diafisária do fêmur,"Na fratura da diáfise do fêmur, a inserção da haste intramedular anterógrada pela fossa piriforme pode lesar",o nervo glúteo inferior.,a artéria circunflexa femoral medial.,o nervo glúteo superior.,a artéria circunflexa femoral lateral.,B,a artéria circunflexa femoral medial.,CAMPBELL'S,"🔎 Gabarito B. A artéria circunflexa femoral medial (ACFM) é a principal responsável pela vascularização da cabeça femoral no adulto. Ela ascende pelo colo posteriormente, na região da fossa piriforme. O ponto de entrada da haste anterógrada pela fossa piriforme (o ponto clássico, hoje substituído pela ponta do trocânter na maioria das hastes) coloca esta artéria em risco direto de lesão, podendo levar à osteonecrose iatrogênica da cabeça femoral.",,False
16c42ba3-fa83-4e1b-922e-89f53fae19c9,BANCO PRÓPRIO,Cirurgia do Quadril,Fraturas do anel pélvico,A imagem a seguir corresponde à classificação de,TILE.,YOUNG-BURGESS.,DENIS.,MARLOWE.,A,TILE.,ROCKWOOD'S,"🔎 Gabarito A. A imagem ilustra os três tipos de estabilidade pélvica. TILE A (Estável); TILE B (Rotacionalmente instável, verticalmente estável - ex: livro aberto); e TILE C (Rotacionalmente E Verticalmente instável). Esta classificação é baseada na estabilidade (integridade do complexo ligamentar posterior) e é fundamental para o manejo. YOUNG-BURGESS (B) foca no mecanismo de trauma (Compressão Lateral, AP, Cisalhamento Vertical). DENIS (C) classifica fraturas do sacro.",Dado Incorporado,False
203e03aa-d2a1-4411-8e97-a56b46278b73,BANCO PRÓPRIO,Cirurgia do Quadril,Fraturas do anel pélvico,O nervo mais comumente lesado na fratura da pelve é o,femoral.,obturatório.,ciático (ramo fibular).,glúteo superior.,C,ciático (ramo fibular).,CAMPBELL'S,"🔎 Gabarito C. A lesão neurológica mais comum é no plexo lombo-sacro (L5/S1), frequentemente associada a fraturas do sacro (DENIS) ou luxações sacroilíacas. O nervo ciático, especificamente seu componente fibular (cujas fibras são mais laterais, posteriores e fixas no forame), é o mais vulnerável ao estiramento ou compressão direta pelo hematoma ou fragmento ósseo.",,False
032259ae-0a0d-402d-8b39-61d99a29211c,BANCO PRÓPRIO,Cirurgia do Quadril,Fraturas do anel pélvico,"Na classificação de DENIS para fratura do sacro, o tipo II caracteriza-se por",fratura na asa sacral.,fratura transforaminal.,fratura no canal sacral medial.,fratura-luxação sacroilíaca.,B,fratura transforaminal.,ROCKWOOD'S,"🔎 Gabarito B. Classificação de DENIS (epônimo em MAIÚSCULAS) é crucial pela correlação com lesão neurológica. Zona I (A): Fratura da asa (lateral ao forame), baixo risco neurológico (lesão L5). Zona II (B): Fratura transforaminal (através do forame), maior risco de radiculopatia de S1/S2. Zona III (C): Fratura do canal central (medial ao forame), alto risco de síndrome da cauda equina.",,False
8461dbd2-d05b-499c-b18a-9c7c612707b1,BANCO PRÓPRIO,Cirurgia do Quadril,Fraturas do acetábulo,"Na fratura do acetábulo, a incidência radiográfica alar é obtida com rotação",interna de 45º e inclinação cefálica de 10º.,externa de 45º e inclinação caudal de 10º.,interna de 45º e sem inclinação.,externa de 45º e sem inclinação.,C,interna de 45º e sem inclinação.,ROCKWOOD'S,🔎 Gabarito C. Incidências de JUDET (epônimo em MAIÚSCULAS) para o acetábulo. São duas oblíquas: 1) Alar (Ilíaca Oblíqua): O paciente gira 45º afastando-se do lado lesionado (rotação interna do quadril lesionado em relação ao filme). Mostra a asa ilíaca e a coluna anterior. 2) Obturatriz (Judaica): O paciente gira 45º em direção ao lado lesionado (rotação externa). Mostra a coluna posterior e a parede anterior. Nenhuma das incidências padrão de JUDET usa inclinação do raio (caudal ou cefálica).,,False
ad131273-a998-4c2b-9e43-1e90673d7829,BANCO PRÓPRIO,Cirurgia do Quadril,Fraturas do anel pélvico,A imagem a seguir é compatível com a classificação de,TILE A.,TILE B1.,TILE B2.,TILE C.,B,TILE B1.,ROCKWOOD'S,"🔎 Gabarito B. A imagem mostra uma diástase da sínfise púbica (lesão em ""livro aberto""). Isso indica uma lesão ligamentar anterior. Na classificação de TILE, isso significa instabilidade rotacional (TILE B). Como a lesão é por rotação externa (livro aberto), é um TILE B1. (TILE B2/B3, alternativa C, são lesões por compressão lateral, como a ""alça de balde""). Como não há evidência de instabilidade vertical (cisalhamento posterior), não é TILE C (D).",Dado Incorporado,False
479ac8f6-eb4b-4181-b6b7-cc3508e1233c,BANCO PRÓPRIO,Cirurgia do Pé e Tornozelo,Fraturas do acetábulo,"Na fratura do acetábulo, a linha que representa a coluna anterior na radiografia AP é",a linha iliopectínea.,a linha ilioisquiática.,a borda anterior.,o teto acetabular.,A,a linha iliopectínea.,ROCKWOOD'S,"🔎 Gabarito A. Sinais radiográficos de JUDET (epônimo em MAIÚSCULAS). Na radiografia AP, a coluna anterior é representada pela linha iliopectínea (que vai da sacroilíaca até a sínfise púbica). A coluna posterior é representada pela linha ilioisquiática (B). A borda anterior e a borda posterior (parede) são outras linhas visíveis. Uma fratura da coluna anterior interrompe a linha iliopectínea.",,False
be32b7a3-8589-4417-a33c-1ff2c0cabe3b,BANCO PRÓPRIO,Cirurgia do Quadril,Fraturas do anel pélvico,A imagem a seguir corresponde à classificação de,TILE A.,TILE B1.,TILE B2.,TILE C.,C,TILE B2.,ROCKWOOD'S,"🔎 Gabarito C. A imagem ilustra uma fratura por compressão lateral (mecanismo mais comum de fratura pélvica). Isso causa impacção anterior (ex: fratura dos ramos) e potencial lesão ligamentar posterior por rotação interna. Na classificação de TILE, esta é uma lesão rotacionalmente instável (Tipo B). Como o mecanismo é a compressão lateral (rotação interna), ela é classificada como TILE B2 (ou B3 se houver lesão contralateral B1). TILE B1 (B) é o livro aberto (rotação externa). TILE C (D) implicaria instabilidade vertical.",Dado Incorporado,False
acfb3bf6-079d-40b7-a7b1-ff7ed255588b,BANCO PRÓPRIO,Cirurgia do Quadril,Fraturas da Cabeça do Fêmur,"Na fratura da cabeça do fêmur, a classificação de PIPKIN tipo IV corresponde à fratura",abaixo da fóvea com fratura do acetábulo.,abaixo da fóvea sem fratura do acetábulo.,acima da fóvea com fratura do acetábulo.,acima da fóvea sem fratura do acetábulo.,C,acima da fóvea com fratura do acetábulo.,ROCKWOOD'S,🔎 Gabarito C. Classificação de PIPKIN (epônimo em MAIÚSCULAS) para fraturas da cabeça femoral (geralmente pós-luxação posterior do quadril). O divisor é a fóvea (zona de carga). Tipo I: Abaixo da fóvea (sem carga). Tipo II: Acima da fóvea (com carga). Tipo III: Tipo I ou II + Fratura do Colo do Fêmur. Tipo IV: Tipo I ou II + Fratura do Acetábulo. A alternativa C (acima da fóvea = Tipo II + fratura do acetábulo) corresponde à Tipo IV.,,False
17434072-1651-4d62-9136-1f7c0f9b3ccc,BANCO PRÓPRIO,Cirurgia do Quadril,Fraturas da Cabeça do Fêmur,"Na fratura da cabeça do fêmur, a classificação de PIPKIN tipo III corresponde à fratura",abaixo da fóvea com fratura do colo.,abaixo da fóvea sem fratura do colo.,acima da fóvea com fratura do colo.,acima da fóvea sem fratura do colo.,A,abaixo da fóvea com fratura do colo.,ROCKWOOD'S,"🔎 Gabarito A. Esta questão testa o mesmo conceito da anterior, focando no Tipo III. A definição de PIPKIN III é qualquer fratura da cabeça femoral (Tipo I - abaixo da fóvea, ou Tipo II - acima da fóvea) associada a uma fratura do colo do fêmur. Dado que o Tipo I é mais comum que o II, a alternativa A é a definição mais frequente. O ponto chave é a associação com a fratura do colo femoral, que tem prognóstico sombrio.",,False
4f556fdc-c2da-4bbc-bb43-41a1e320818d,BANCO PRÓPRIO,Cirurgia do Quadril,Fraturas do Colo do Fêmur ,"Na fratura do colo do fêmur, a incidência da osteonecrose na fratura impactada em valgo (GARDEN I) é de",5 a 10%.,15 a 20%.,25 a 30%.,35 a 40%.,A,5 a 10%.,ROCKWOOD'S,"🔎 Gabarito A. Classificação de GARDEN (epônimo em MAIÚSCULAS). Tipo I (impactada em valgo/incompleta) e II (completa sem desvio) são consideradas estáveis e têm o melhor prognóstico vascular, pois a vascularização retinacular (principalmente posterior) está preservada. O risco de ON é baixo (5-10%). O risco aumenta dramaticamente nas fraturas desviadas (Tipo III e IV), onde os vasos retinaculares são rompidos, chegando a 30% ou mais.",,False
3bd3961b-bac7-4be3-a6d2-0d9f5fb2007f,BANCO PRÓPRIO,Cirurgia do Quadril,Fraturas do Colo do Fêmur ,"Na fratura do colo do fêmur, a incidência de pseudartrose na fratura impactada em valgo (GARDEN I) é de",5 a 10%.,15 a 20%.,25 a 30%.,35 a 40%.,A,5 a 10%.,ROCKWOOD'S,"🔎 Gabarito A. Pelos mesmos motivos da questão anterior (estabilidade mecânica e vascularização preservada), a fratura GARDEN I tem o menor risco de complicações, tanto de osteonecrose quanto de pseudartrose (falha de consolidação). O risco de ambas gira em torno de 5 a 10%.",,False
2ef91834-ab7a-49f0-ae80-b531d8d3aef7,BANCO PRÓPRIO,Cirurgia do Quadril,Fraturas do Colo do Fêmur ,"Na fratura do colo do fêmur, a classificação de PAUWELS tipo III apresenta angulação de",0 a 30º.,30 a 50º.,50 a 70º.,mais de 70º.,D,mais de 70º.,ROCKWOOD'S,"🔎 Gabarito D. A classificação de PAUWELS (epônimo em MAIÚSCULAS) é biomecânica e mede a verticalização do traço de fratura em relação à horizontal. Quanto mais vertical o traço, maiores as forças de cisalhamento (stress) e menor a estabilidade (maior risco de pseudartrose). Tipo I: < 30º (estável). Tipo II: 30-50º. Tipo III: > 50º (ou >70º, dependendo da referência). A alternativa ""mais de 70º"" é a que melhor representa o conceito da Tipo III (altamente instável/verticalizada). [Nota: A divisão clássica é 30/50/70. Rockwood usa 30/50/mais de 50. Campbell usa 30/70/mais de 70. A alternativa >70º é a única que representa inequivocamente a lesão instável tipo III em todas as variações da classificação.]",,False
6661c249-8fbd-4165-ab89-816d280f58b2,BANCO PRÓPRIO,Cirurgia do Quadril,Fraturas Transtrocanterianas,"Na fratura transtrocanteriana, a classificação de TRONZO tipo III corresponde à fratura",incompleta.,completa sem cominuição.,com cominuição do trocânter maior.,com cominuição do trocânter menor.,D,com cominuição do trocânter menor.,ROCKWOOD'S,"🔎 Gabarito D. Classificação de TRONZO (epônimo em MAIÚSCULAS). Esta classificação foca na estabilidade posteromedial (trocânter menor/calcar). Tipo I e II são estáveis (sem cominuição ou com cominuição mínima). O Tipo III envolve a cominuição do trocânter menor (D), indicando perda do apoio posteromedial (instável). Tipo IV envolve ambos os trocânteres. Tipo V é a transtrocanteriana reversa. A perda do apoio medial (Tipo III) é o ponto chave da instabilidade.",,False
4324fd63-9423-4b54-8968-e836c31bd129,BANCO PRÓPRIO,Cirurgia do Quadril,Fraturas Transtrocanterianas,A complicação mais comum da fratura transtrocanteriana é a consolidação viciosa em,"varo, rotação interna e encurtamento.","varo, rotação externa e encurtamento.","valgo, rotação interna e encurtamento.","valgo, rotação externa e encurtamento.",B,"varo, rotação externa e encurtamento.",ROCKWOOD'S,"🔎 Gabarito B. Esta é a deformidade clássica da falha da osteossíntese (especialmente do DHS) em fraturas instáveis (cominuição posteromedial). A carga axial leva ao colapso do calcar, fazendo a fixação deslizar. Isso resulta em: 1) Varo (pela perda do apoio medial); 2) Rotação Externa (pela ação dos rotadores curtos puxando o fragmento proximal); e 3) Encurtamento (pelo colapso/impacção).",,False
b8f6d49d-6f54-41c1-9acb-c433247110e2,BANCO PRÓPRIO,Cirurgia do Quadril,Fraturas Transtrocanterianas,"Na fratura transtrocanteriana, o tratamento cirúrgico com haste intramedular está melhor indicado na fratura",estável do tipo TRONZO I.,estável do tipo TRONZO II.,instável com traço reverso.,instável com 4 partes.,C,instável com traço reverso.,ROCKWOOD'S,"🔎 Gabarito C. O DHS (parafuso deslizante) funciona bem em fraturas estáveis (A, B) e até na maioria das instáveis (D). No entanto, o DHS é absolutamente contraindicado na fratura de traço reverso (Tipo V de TRONZO). Nesta fratura, a linha de fratura corre de medial-superior para lateral-inferior, e a força compressiva do DHS causaria a diástase da fratura (em vez da impacção), levando à falha. A haste intramedular (bloqueada) é o implante de escolha absoluto para o traço reverso.",,False
be8884d0-dad5-4a02-8fa4-0523ce8a1247,BANCO PRÓPRIO,Cirurgia do Quadril,Luxações do Quadril,A lesão do nervo ciático na luxação posterior do quadril ocorre em,1 a 5%.,8 a 20%.,25 a 35%.,40 a 50%.,B,8 a 20%.,ROCKWOOD'S,🔎 Gabarito B. A luxação posterior do quadril coloca o nervo ciático (que passa imediatamente posterior ao acetábulo) em risco direto de contusão ou estiramento pela cabeça femoral deslocada. A incidência de neuropraxia do ciático (geralmente do componente fibular) é consistentemente relatada na faixa de 8 a 20% (ou 10-15% na maioria das séries).,,False
c3417fe3-702b-4061-89df-f89c8d81b916,BANCO PRÓPRIO,Cirurgia do Quadril,Osteonecrose da cabeça femoral,A osteonecrose da cabeça femoral após luxação posterior do quadril está diretamente relacionada ao,tipo de fratura do acetábulo.,tempo para a redução.,grau de lesão ligamentar.,mecanismo de trauma.,B,tempo para a redução.,ROCKWOOD'S,"🔎 Gabarito B. A osteonecrose (ON) após a luxação ocorre por lesão vascular (interrupção dos vasos retinaculares ou da artéria do ligamento redondo). A redução da luxação descomprime esses vasos. É universalmente aceito que o tempo é crítico: reduções realizadas em menos de 6 horas têm um risco muito baixo de ON, enquanto o risco aumenta exponencialmente após 6-12 horas.",,False
aaded595-a0cd-4ae2-93ff-cd94d3ace50f,BANCO PRÓPRIO,Cirurgia do Quadril,Fratura diafisária do fêmur,"Na fratura diafisária do fêmur, a incidência de embolia gordurosa subclínica (hipoxemia) é de",10 a 20%.,25 a 35%.,40 a 50%.,50 a 75%.,D,50 a 75%.,ROCKWOOD'S,"🔎 Gabarito D. É importante diferenciar a Síndrome da Embolia Gordurosa (SEG), que é clínica e rara (1-3%), da embolia gordurosa subclínica. Praticamente toda fratura de osso longo (especialmente fêmur) libera êmbolos de gordura na circulação. A maioria dos pacientes (50-75% ou mais) apresentará algum grau de hipoxemia transitória (êmbolos subclínicos no pulmão) após uma fratura diafisária de fêmur, embora não desenvolvam a síndrome clínica completa.",,False
b1f0fdf3-8d47-4b28-96f8-d8e1ba80f743,BANCO PRÓPRIO,Cirurgia do Quadril,Fratura diafisária do fêmur,"Na fratura diafisária do fêmur, a haste intramedular fresada apresenta como vantagem em relação à não fresada",menor tempo cirúrgico.,menor risco de embolia.,menor índice de infecção.,maior índice de consolidação.,D,maior índice de consolidação.,ROCKWOOD'S,"🔎 Gabarito D. Este é o debate clássico: haste fresada vs. não fresada. A fresagem destrói a circulação endosteal inicial, mas tem duas vantagens mecânicas: 1) Permite o uso de uma haste de maior diâmetro (mais forte); e 2) Aumenta o contato osso-implante, melhorando a estabilidade. Em grandes estudos, a haste fresada demonstra consistentemente uma taxa de consolidação maior (D) e menor necessidade de reoperação (menor taxa de pseudartrose) em comparação com a haste não fresada (C) em fraturas fechadas. A fresagem, no entanto, aumenta a embolização gordurosa (B) e o tempo cirúrgico (A).",,False
a8273c42-1ec6-46af-bde3-2b368731168a,BANCO PRÓPRIO,Cirurgia do Pé e Tornozelo,Fraturas do planalto tibial,"Na fratura do planalto tibial, a incidência de lesão meniscal associada (principalmente o lateral) é de",10 a 20%.,25 a 35%.,40 a 50%.,60 a 70%.,C,40 a 50%.,ROCKWOOD'S,"🔎 Gabarito C. Fraturas do planalto tibial, especialmente as do tipo SCHATZKER II (split-depressão lateral), são causadas por trauma em valgo e compressão axial, que esmaga o menisco lateral entre o côndilo femoral e a tíbia. A incidência de lesão do menisco lateral associada é muito alta, relatada entre 40% e 50% (algumas séries artroscópicas citam até mais).",,False
7693963a-7fe2-425b-9489-5f55419dc95a,BANCO PRÓPRIO,Cirurgia do Pé e Tornozelo,Fraturas do planalto tibial,"Na fratura do planalto tibial, a lesão ligamentar associada (principalmente o colateral medial) ocorre em",5 a 10%.,15 a 30%.,35 a 45%.,50 a 60%.,B,15 a 30%.,ROCKWOOD'S,"🔎 Gabarito B. Embora o mecanismo em valgo (que causa a fratura lateral) também estresse o Ligamento Colateral Medial (LCM), a lesão completa do LCM é menos comum que a lesão meniscal. A literatura (Rockwood/Campbell) coloca a incidência de lesões ligamentares associadas (principalmente LCM e LCA) na faixa de 15% a 30% (ou 20-30%).",,False
5ff2395b-792c-4aa6-bb86-4e95c04c0975,BANCO PRÓPRIO,Cirurgia do Quadril,Fraturas do anel pélvico,"Na lesão em ""livro aberto"" da pelve (TILE B1), a estabilização cirúrgica de urgência deve ser feita com",fixador externo supra-acetabular.,placa na sínfise púbica.,parafuso sacroilíaco.,tração esquelética.,A,fixador externo supra-acetabular.,ROCKWOOD'S,"🔎 Gabarito A. Na sala de emergência, um paciente com TILE B1 (livro aberto) hemodinamicamente instável precisa de ""fechamento"" pélvico para controle de danos (diminuir o volume pélvico e tamponar o sangramento venoso). A forma mais rápida e eficaz de fazer isso é com um fixador externo anterior (geralmente com pinos nas cristas ilíacas ou supra-acetabulares), usado como um ""grampo"" para fechar o livro. A placa (B) ou o parafuso SI (C) são tratamentos definitivos, não de urgência/controle de danos.",,False
ba899295-e06f-4761-a1de-9e088ae900fd,BANCO PRÓPRIO,Cirurgia do Quadril,Fratura diafisária do fêmur,"Na fratura diafisária do fêmur, o desvio em varo do fragmento proximal é causado pela ação dos músculos",glúteos médio e mínimo.,iliopsoas e adutores.,piriforme e obturadores.,quadríceps e isquiotibiais.,A,glúteos médio e mínimo.,ROCKWOOD'S,"🔎 Gabarito A. Esta é a deformidade clássica das fraturas subtrocantéricas (ou diafisárias proximais). O fragmento proximal é tracionado por três grupos musculares: 1) Flexão (pelo iliopsoas); 2) Rotação Externa (pelos rotadores curtos); e 3) Abdução (pelos glúteos médio e mínimo, que se inserem no trocânter maior). Essa tração em abdução causa o clássico desvio em VARO do fragmento distal em relação ao proximal (ou, visto de outra forma, o fragmento proximal abduz).",,False
01b43aa0-6ca3-4096-9dfc-f420e96e547e,BANCO PRÓPRIO,Cirurgia do Quadril,Fratura diafisária do fêmur,"O tratamento ideal para a fixação cirúrgica da fratura da diáfise do fêmur, pelo princípio da estabilidade relativa, é",haste fresada.,fixador externo.,haste sem fresar.,placa percutânea.,A,haste fresada.,EFFORT,"🔎 Gabarito A. Princípio AO. Fraturas diafisárias consolidam por calo ósseo (consolidação secundária), que exige micromovimento. Isso é estabilidade relativa. A haste intramedular é o implante padrão-ouro para estabilidade relativa (é um tutor que compartilha carga). A fresagem (A) permite uma haste mais calibrosa e maior contato, aumentando a estabilidade e as taxas de consolidação em fraturas fechadas, sendo superior à não fresada (C). Placa em ponte (D) e fixador (B) também são de estabilidade relativa, mas a haste fresada é o padrão-ouro para o fêmur diafisário.",,False
b3257dc0-6dd9-4dec-96b7-16e497696fd2,BANCO PRÓPRIO,Cirurgia do Quadril,Fraturas do Colo do Fêmur ,"Nas fraturas do colo do fêmur, a técnica de redução de LEADBETTER consiste em","rotação interna, extensão e abdução.","rotação externa, flexão e adução.","flexão, rotação interna e abdução.","flexão, rotação externa e adução.",C,"flexão, rotação interna e abdução.",CAMPBELL'S,"🔎 Gabarito C. Esta é a descrição da manobra clássica de LEADBETTER (epônimo em MAIÚSCULAS) para redução fechada de fraturas desviadas do colo femoral. O quadril é fletido a 90°, tracionado e rodado internamente (para ""enganchar"" o calcar), e então estendido e abduzido vigorosamente, mantendo a rotação interna para impactar a fratura em valgo.",,False
305a55fd-27d9-4421-93d4-df771136a793,BANCO PRÓPRIO,Cirurgia do Joelho,Fratura diafisária do fêmur,"Na fratura da diáfise do fêmur, a consolidação viciosa em rotação interna",é mais comum que a rotação externa.,é mais bem tolerada que a rotação externa.,"é menos frequente, porém mais sintomática que a rotação externa.",apresenta a mesma frequência e tolerância que a rotação externa.,C,"é menos frequente, porém mais sintomática que a rotação externa.",CAMPBELL'S,"🔎 Gabarito C. A consolidação viciosa em rotação externa (distrator B) é muito mais comum (pela ação muscular) e extremamente bem tolerada (pacientes compensam até 20-30°). A consolidação em rotação interna (Gabarito C) é muito rara, pois vai contra a tração muscular, mas é funcionalmente desastrosa: o paciente desenvolve marcha com o pé ""para dentro"" (intoeing gait) e dor patelofemoral significativa, sendo muito mal tolerada clinicamente.",,False
46ac784a-5851-485c-b126-89f451ae6289,BANCO PRÓPRIO,Ciência Básica,Traumatismo Raquimedular e síndrome da cauda equina,"Na fratura da coluna vertebral, a síndrome de BROWN-SÉQUARD caracteriza-se por",perda motora contralateral e sensitiva ipsilateral.,perda motora e sensitiva contralateral.,perda motora ipsilateral e sensitiva contralateral.,perda motora e sensitiva ipsilateral.,C,perda motora ipsilateral e sensitiva contralateral.,ROCKWOOD'S,🔎 Gabarito C. Definição clássica da hemissecção medular (epônimo em MAIÚSCULAS). A lesão interrompe três tratos: 1) Trato Corticoespinhal (motor): Já cruzou na medula (bulbo). Resultado: perda motora ipsilateral. 2) Coluna Dorsal (propriocepção/vibração): Sobe ipsilateral e cruza alto. Resultado: perda de propriocepção ipsilateral. 3) Trato Espinotalâmico (dor/temperatura): Cruza ao entrar na medula. Resultado: perda de dor/temperatura contralateral. O gabarito C combina os principais achados.,,False
fd0f3cc4-e56a-4189-8e14-cbe89d612998,BANCO PRÓPRIO,Ciência Básica,Traumatismo Raquimedular e síndrome da cauda equina,"Na fratura da coluna vertebral, a síndrome medular anterior caracteriza-se por",perda motora e da propriocepção.,perda motora e da sensibilidade termo-dolorosa.,perda da propriocepção e da sensibilidade termo-dolorosa.,"perda motora, da propriocepção e da sensibilidade termo-dolorosa.",B,perda motora e da sensibilidade termo-dolorosa.,ROCKWOOD'S,"🔎 Gabarito B. Esta síndrome (geralmente por lesão da artéria espinhal anterior ou compressão por flexão) afeta os 2/3 anteriores da medula. Ela lesiona o Trato Corticoespinhal (motor) e o Trato Espinotalâmico (dor/temperatura). Crucialmente, ela preserva as Colunas Dorsais (propriocepção/vibração), que são irrigadas pelas artérias posteriores.",,False
38c90ff5-041f-4d57-8486-aa0b467dae49,BANCO PRÓPRIO,Ciência Básica,Traumatismo Raquimedular e síndrome da cauda equina,"Na fratura da coluna vertebral, a síndrome medular posterior caracteriza-se por",perda motora e da propriocepção.,perda motora e da sensibilidade termo-dolorosa.,perda da propriocepção e preservação motora e da sensibilidade termo-dolorosa.,"perda motora, da propriocepção e da sensibilidade termo-dolorosa.",C,perda da propriocepção e preservação motora e da sensibilidade termo-dolorosa.,ROCKWOOD'S,"🔎 Gabarito C. Esta é uma síndrome muito rara, o oposto da anterior. É uma lesão isolada das Colunas Dorsais (irrigação posterior). O paciente perde apenas a propriocepção, o tato fino e a vibração (ataxia sensorial), mas preserva toda a função motora e a sensibilidade termo-dolorosa (Tratos Corticoespinhal e Espinotalâmico).",,False
,,,,,,,,,,,,,,False
,,,,,,,,,,,,,,False
,,,,,,,,,,,,,,False
6ac1d481-2128-4deb-9bc1-2342026eb67b,BANCO PRÓPRIO,Cirurgia do Quadril,Síndrome do piriforme,"Na síndrome do piriforme, o movimento passivo que exacerba os sintomas é a",rotação lateral e flexão.,rotação medial e flexão.,rotação medial e abdução.,rotação lateral e abdução.,C,rotação medial e abdução.,OSVANDRÉ,"🔎 Gabarito C. O teste para a síndrome do piriforme, também conhecido como manobra de FAIRO (Flexão, Adução e Rotação Interna), tem como princípio reproduzir a compressão do nervo isquiático pelo músculo piriforme. A dor é exacerbada com o paciente em decúbito lateral e o membro a ser examinado aduzido e em rotação interna, o que tensiona o músculo piriforme sobre o nervo isquiático. A alternativa correta, rotação medial e abdução, descreve o mesmo movimento, pois a rotação medial é a mesma que a rotação interna, e a abdução é o movimento para o lado. Os distratores estão incorretos por descreverem movimentos que não tensionam o músculo piriforme de forma a reproduzir os sintomas de compressão.",,False
cba40fa9-d580-4fe8-8889-a4fea71d652e,BANCO PRÓPRIO,Cirurgia do Quadril,Osteonecrose da cabeça femoral,"Na osteonecrose da cabeça femoral no adulto, o sinal do crescente está presente nas classificações de ARLET & FICAT e STEINBERG, respectivamente, nos estágios",2A e II.,2B e II.,2A e III.,2B e III.,C,2A e III.,CAMPBELL'S,"🔎 Gabarito C. A osteonecrose da cabeça femoral é uma condição caracterizada por necrose óssea devido à interrupção do suprimento sanguíneo. O ""sinal do crescente"" é um achado radiográfico de colapso subcondral que aparece em diferentes estágios de acordo com as classificações utilizadas. Segundo ARLET & FICAT, esse sinal é observado no estágio 2A. Já na classificação de STEINBERG, que é uma evolução da classificação de Ficat, o sinal do crescente e o colapso subcondral ocorrem no estágio III.",,False
aaccbe4c-56db-4867-84bc-37d3eaec9c43,BANCO PRÓPRIO,Cirurgia do Quadril,Artroplastias do quadril,"Na artroplastia total do quadril, o par tribológico que quando sofre desgaste produz debris envolvidos na lesão linfocítica asséptica, associada com vasculite (ALVAL), é",metal-polietileno.,cerâmica-cerâmica.,metal-metal.,cerâmica-polietileno.,C,metal-metal.,CAMPBELL'S,"🔎 Gabarito C. A lesão linfocítica asséptica, associada com vasculite (ALVAL), é uma complicação rara e específica de artroplastias metal-metal. O desgaste do par tribológico metal-metal libera íons metálicos (cobalto e cromo) na corrente sanguínea, que podem desencadear uma resposta de hipersensibilidade tardia, resultando em vasculite e necrose tecidual. As demais opções, embora possam causar osteólise por outras razões, não estão diretamente ligadas a essa complicação específica.",,False
bbc2fb96-f07e-4965-b593-e5dee1cb7945,BANCO PRÓPRIO,Cirurgia do Quadril,Coxartrose,"Na coxartrose, de acordo com a classificação de TÖNNIS, o grau 2 se caracteriza por",ausência de sinais de osteoartrite.,esclerose da articulação com estreitamento mínimo do espaço articular e formação de osteófitos.,pequenos cistos na cabeça do fêmur ou acetábulo com estreitamento moderado do espaço articular.,"artrite avançada com grandes cistos no cabeça do fêmur ou acetábulo, obliteração do espaço articular e deformidade da cabeça femoral.",C,pequenos cistos na cabeça do fêmur ou acetábulo com estreitamento moderado do espaço articular.,CAMPBELL'S,"🔎 Gabarito C. A classificação de TÖNNIS é uma forma radiográfica de estadiar a osteoartrose do quadril. O grau 0 corresponde a um quadril normal. O grau 1 apresenta esclerose na cabeça femoral ou no acetábulo e pequeno estreitamento do espaço articular. O grau 2 se caracteriza por pequenos cistos na cabeça do fêmur ou no acetábulo, estreitamento moderado do espaço articular e perda da esfericidade da cabeça. Já o grau 3 é o estágio mais avançado, com grandes cistos, esclerose e osteófitos avançados, obliteração do espaço articular e deformidade grave da cabeça femoral.",,False
3500bc2a-cd6e-40eb-ac91-0c216bb1302c,BANCO PRÓPRIO,Cirurgia do Quadril,Fraturas periprotéticas do quadril,"Na fratura periprotética do quadril do tipo B1 de VANCOUVER, o tratamento mais bem indicado é com",fios ou cabos de cerclagem isoladamente.,fios ou cabos de cerclagem associado à fixação com placa e parafusos.,troca do componente femoral por uma haste com fixação no istmo diafisário.,placa gancho fixando o trocânter maior.,B,fios ou cabos de cerclagem associado à fixação com placa e parafusos.,CAMPBELL'S,"🔎 Gabarito B. A classificação de VANCOUVER é a mais utilizada para as fraturas periprotéticas do fêmur. O tipo B1 se caracteriza por uma fratura ao redor ou logo abaixo da ponta do implante, com uma haste fixa e estoque ósseo adequado. A haste não precisa ser trocada, pois está bem fixada. O tratamento de escolha, portanto, é a redução da fratura e a fixação interna com placa e parafusos, frequentemente suplementada com cerclagem para maior estabilidade.",,False
9c72b048-1851-47f1-a7b4-8f5220e351f6,BANCO PRÓPRIO,Cirurgia do Quadril,Fraturas do anel pélvico,"Na lesão do anel pélvico, de acordo com a classificação de TILE, o tipo",A é rotacionalmente instável unilateralmente.,B é rotacionalmente instável e verticalmente estável.,"C é rotacionalmente instável bilateralmente, com instabilidade vertical unilateral.",D é multidirecionalmente instável.,B,B é rotacionalmente instável e verticalmente estável.,ROCKWOOD'S,"🔎 Gabarito B. A classificação de TILE para lesões do anel pélvico é baseada na estabilidade mecânica. As fraturas do tipo A são estáveis. O tipo B é rotacionalmente instável, mas verticalmente estável, o que inclui as fraturas por compressão lateral e por ""livro aberto"". O tipo C é tanto rotacionalmente quanto verticalmente instável, o que ocorre nas fraturas por cisalhamento vertical. Portanto, o tipo B é o único que apresenta instabilidade rotacional com estabilidade vertical.",,False
75614e17-9eb8-4072-bf21-382828a57706,BANCO PRÓPRIO,Cirurgia do Quadril,Impacto fêmoro-acetabular,"No impacto femoroacetabular, o ângulo representado na imagem a seguir é o",alfa no tipo CAME.,beta no tipo CAME.,alfa no tipo PINCER.,beta no tipo PINCER.,A,alfa no tipo CAME.,CAMPBELL'S,"🔎 Gabarito A. A imagem mostra uma radiografia de perfil (ou uma vista de Dunn a 45º) do quadril, com o ângulo alfa traçado. O ângulo alfa é uma medida do esfericidade da cabeça femoral, e um aumento desse ângulo indica a presença de uma deformidade do tipo CAME, causada por uma proeminência óssea na junção da cabeça com o colo femoral. As demais opções estão incorretas, pois o ângulo beta não é a medida mostrada e o tipo PINCER envolve uma proeminência acetabular, não uma deformidade no colo femoral.",,False
1fadbb6f-29b1-4d1f-a9c5-8e88ae0813d5,BANCO PRÓPRIO,Ortopedia Pediátrica,Pé Talus Vertical,O pé talo vertical é,flexível e tem a região plantar côncava.,flexível e tem a região plantar convexa.,rígido e tem a região plantar convexa.,rígido e tem a região plantar côncava.,C,rígido e tem a região plantar convexa.,LOVELL'S,"🔎 Gabarito C. O pé talo vertical é uma deformidade congênita rara. As características clínicas são um pé rígido e irredutível, com uma proeminência óssea na região plantar medial, que corresponde à cabeça do tálus. A deformidade resulta em uma forma de ""pé em balanço"", com a região plantar convexa. É importante diferenciá-lo do pé plano flexível, que é uma condição benigna.",,False
fba76109-022b-40b0-8d37-20405a0cd913,BANCO PRÓPRIO,Cirurgia do Quadril,Fraturas do acetábulo,"As figuras A e B, respectivamente, a orientação das linhas de fratura do acetábulo na tomografia computadorizada bidimensional indica lesão de",ambas as colunas e transversa.,parede anterior e uma das colunas.,ambas as colunas e parede posterior.,parede posterior e ambas as colunas.,A,ambas as colunas e transversa.,ROCKWOOD'S,"🔎 Gabarito A. A tomografia computadorizada é o melhor exame de imagem para avaliar as fraturas do acetábulo. A figura A mostra uma fratura em ""T"", que é uma fratura de ambas as colunas (anterior e posterior). A figura B mostra uma fratura que corta o osso de anterior para posterior, passando pela fossa acetabular, o que é característico de uma fratura transversa.",,False
cdcbd1fe-a771-468e-9997-2a33b780d1db,BANCO PRÓPRIO,Cirurgia do Quadril,Fraturas do acetábulo,"Na fratura do acetábulo da figura abaixo, a incidência radiográfica e a seta branca são, respectivamente",alar e sinal da gaivota.,alar e sinal do esporão.,obturatriz e sinal da gaivota.,obturatriz e sinal do esporão.,B,alar e sinal do esporão.,ROCKWOOD'S,"🔎 Gabarito B. A imagem mostra uma incidência radiográfica alar da pelve, que é usada para visualizar a coluna anterior do acetábulo e a parte posterior da asa do ilíaco. A seta branca aponta para o sinal do esporão, que é um fragmento triangular ósseo que se forma na junção da coluna anterior com o teto do acetábulo, sendo característico das fraturas da coluna anterior.",,False
cb53a1ac-630b-4559-a1ae-9e055ed023a6,BANCO PRÓPRIO,Cirurgia do Quadril,Fraturas do Colo do Fêmur ,A fratura por estresse do colo femoral com maior potencial de desvio ocorre na cortical de,tensão na região inferior.,tensão na região superior.,compressão na região inferior.,compressão na região superior.,B,tensão na região superior.,ROCKWOOD'S,"🔎 Gabarito B. As fraturas por estresse do colo femoral são mais comuns em atletas de alto impacto, como corredores de longa distância. A maioria dessas fraturas ocorre na cortical de compressão (região inferior) e são geralmente estáveis. No entanto, as fraturas por estresse na cortical de tensão (região superior) são de maior risco e podem evoluir para fraturas completas e desviadas, requerendo tratamento cirúrgico imediato.",,False
cd017a72-b643-4026-ab30-ce9e82aafd31,BANCO PRÓPRIO,Cirurgia do Quadril,Fraturas do anel pélvico,"Na lesão do anel pélvico, a classificação de NAKATANI em três tipos é utilizada para avaliar as lesões",dos ramos.,da sacroilíaca.,associadas a lesões lombares.,associadas a lesões acetabulares.,D,associadas a lesões acetabulares.,ROCKWOOD'S,"🔎 Gabarito D. A classificação de NAKATANI é um sistema para avaliar as lesões do anel pélvico que estão associadas a fraturas do acetábulo. Ela se baseia no padrão da fratura do anel pélvico, dividindo-as em três tipos, para ajudar no planejamento do tratamento e na avaliação do prognóstico.",,False
6cf5b712-f3c6-4be6-819b-64f283fa3c71,BANCO PRÓPRIO,Cirurgia do Quadril,Osteonecrose da cabeça femoral,"Na osteonecrose da cabeça femoral, de acordo com a classificação de STEINBERG, o estágio 3 evidencia",alterações degenerativas avançadas.,colapso subcondral sem achatamento.,achatamento da cabeça femoral sem estreitamento articular.,achatamento da cabeça femoral com estreitamento articular.,C,achatamento da cabeça femoral sem estreitamento articular.,SIZÍNIO,"🔎 Gabarito C. A classificação de STEINBERG é uma das mais utilizadas para estadiar a osteonecrose da cabeça femoral. O estágio III é caracterizado pelo achatamento da cabeça femoral, mas com espaço articular ainda preservado. O colapso subcondral sem achatamento (sinal do crescente) é o estágio II. O achatamento com estreitamento articular é o estágio IV, e as alterações degenerativas avançadas são o estágio V.",,False
c41b5f34-99b3-4b99-a2ae-dbd651f468f3,BANCO PRÓPRIO,Cirurgia do Quadril,Exame Físico do Quadril,"Na semiologia do quadril, o teste de THOMAS avalia o ângulo formado entre",o membro e a mesa.,os membros inferiores.,a linha média do corpo e a parede.,a linha média do corpo e o membro.,D,a linha média do corpo e o membro.,OSVANDRÉ,"🔎 Gabarito D. O teste de THOMAS é um teste semiológico para avaliar a contratura do músculo iliopsoas. O paciente é deitado em decúbito dorsal e o quadril oposto ao examinado é flexionado. Se o quadril do lado a ser examinado levantar da mesa, isso indica uma contratura do iliopsoas. O ângulo formado entre o membro e a linha média do corpo é o ângulo de contratura, medido pelo goniômetro.",,False
109e8014-881d-4b08-b128-fef7b4f8d0a2,BANCO PRÓPRIO,Cirurgia do Quadril,Artroplastias do quadril,"Nas imagens a seguir, a colocação do componente femoral não cimentado na ATQ será menos favorável na radiografia","A, com diagnóstico de coxartrose.","B, com diagnóstico de coxartrose.","B, com diagnóstico de artrite reumatoide.","C, com diagnóstico de coxartrose.",D,"C, com diagnóstico de coxartrose.",CAMPBELL'S,"🔎 Gabarito D. As imagens representam a classificação morfológica de DORR, usada para o planejamento do implante de haste femoral não cimentada. O tipo A (imagem A) é a anatomia ideal, com o canal em ""trombeta"" e uma cortical espessa. O tipo B (imagem B) é a anatomia mais comum, com um istmo presente e uma cortical normal. Já o tipo C (imagem C) é o pior cenário para a fixação não cimentada, pois a medular é ampla, a cortical é fina e o istmo não é bem definido. Isso leva a um canal ""em forma de balão"" e aumenta o risco de falha da fixação.",,False
665a812b-5d71-4a69-ba0d-c2fc3d30d1cd,BANCO PRÓPRIO,Cirurgia do Quadril,Artroplastias do quadril,"Na radiografia a seguir para o planejamento da ATQ, a linha traçada avalia o",offset femoral.,encurtamento do membro.,tamanho do componente femoral.,tipo de componente femoral cimentado ou não.,A,offset femoral.,CAMPBELL'S,"🔎 Gabarito A. O planejamento radiográfico pré-operatório da artroplastia total do quadril é essencial. O offset femoral é a distância perpendicular entre a linha média do fêmur e a linha média da cabeça femoral. A imagem mostra o traçado para a avaliação do offset femoral, que é crucial para o planejamento da haste femoral, pois afeta a tensão dos abdutores e a estabilidade da prótese. A manutenção do offset é importante para otimizar a biomecânica do quadril e evitar o desenvolvimento de claudicação.",,False
697866b5-6202-4348-99a2-f4e14ab83eab,BANCO PRÓPRIO,Ciência Básica,Biomecânica do Quadril,A carga estimada na cabeça femoral na fase de apoio da marcha corresponde ao peso corporal em,2 vezes.,3 vezes.,4 vezes.,5 vezes.,B,3 vezes.,CAMPBELL'S,"🔎 Gabarito B. Na fase de apoio da marcha, a carga na cabeça femoral é uma combinação do peso corporal e da força dos músculos abdutores. A força do músculo abdutor é aproximadamente duas vezes o peso corporal, e a força total na cabeça femoral é aproximadamente três vezes o peso corporal. Portanto, a força total na cabeça femoral é três vezes o peso corporal.",,False
eb73b306-d902-43f9-b04e-381bf9797032,BANCO PRÓPRIO,Cirurgia do Quadril,Pubalgia,"Na pubalgia, são achados característicos na ressonância magnética o sinal",da fenda e tendinose insercional do reto abdominal e do adutor magno.,do esporão e tendinose insercional do reto abdominal e do adutor magno.,da fenda e tendinose insercional do reto abdominal e do adutor longo.,do esporão e tendinose insercional do reto abdominal e do adutor longo.,C,da fenda e tendinose insercional do reto abdominal e do adutor longo.,CAMPBELL'S,"🔎 Gabarito C. A pubalgia é uma condição crônica que causa dor na região do púbis. Na ressonância magnética, são encontrados achados característicos, como o sinal da fenda, que é um edema ósseo na sínfise púbica, e a tendinose insercional do reto abdominal e do adutor longo. O sinal do esporão é um achado radiográfico, e o adutor magno não é o músculo mais comumente envolvido na pubalgia.",,False
ccc3a458-0e42-49f7-957e-1e169dc6317d,BANCO PRÓPRIO,Cirurgia do Quadril,Coxa saltans,"As estruturas envolvidas no quadril em ressalto (snapping hip) interno e externo são, respectivamente,",psoas e glúteo médio.,glúteo médio e banda iliotibial.,glúteo médio e psoas.,psoas e glúteo máximo.,D,psoas e glúteo máximo.,CAMPBELL'S,"🔎 Gabarito D. O quadril em ressalto (snapping hip) pode ser interno ou externo. O ressalto interno é causado pelo tendão do psoas maior que desliza sobre a eminência iliopectínea ou sobre o osteófito do acetábulo. O ressalto externo é causado pela banda iliotibial que desliza sobre o trocanter maior. Portanto, as estruturas envolvidas no quadril em ressalto interno e externo são, respectivamente, o tendão do psoas maior e a banda iliotibial/glúteo máximo.",,False
43be1f35-9d5b-4f0a-91c5-ef3787458e24,BANCO PRÓPRIO,Cirurgia do Quadril,Biomecânica do Quadril,"Nos exercícios de salto, a força atuante na articulação coxofemoral pode chegar a",3x o peso corporal.,5x o peso corporal.,7x o peso corporal.,10x o peso corporal.,D,10x o peso corporal.,CAMPBELL'S,"🔎 Gabarito D. A carga na articulação coxofemoral é significativamente maior do que o peso corporal, pois é influenciada pela força muscular, especialmente a dos abdutores. Durante a marcha, a força é aproximadamente 3 a 5 vezes o peso corporal. No entanto, em atividades de alto impacto, como a corrida e o salto, a força pode chegar a 10 vezes o peso corporal.",,False
01d4f0ca-d57d-466e-a35e-49232ff08614,BANCO PRÓPRIO,Cirurgia do Quadril,Infecções pós-artroplastias,"Na infecção articular pós-artroplastia do quadril, o Consenso Internacional de Infecção Periprotética considera como critério maior para o diagnóstico",purulência periprotética + fístula articular.,"fístula articular, 2 ou mais culturas positivas no líquido sinovial e/ou tecido periprotético.","PCR e VHS, 2 ou mais culturas positivas no líquido sinovial e/ou tecido periprotético.",purulência periprotética + PCR e VHS.,B,"fístula articular, 2 ou mais culturas positivas no líquido sinovial e/ou tecido periprotético.",CAMPBELL'S,🔎 Gabarito B. O Consenso Internacional de Infecção Periprotética (CIIP) estabeleceu critérios rigorosos para o diagnóstico. Os critérios maiores são: uma fístula articular comunicando-se com a prótese; ou duas ou mais culturas positivas no líquido sinovial ou no tecido periprotético. As demais opções combinam critérios maiores com critérios menores (VHS e PCR) ou não apresentam a combinação correta de critérios maiores.,,False
3e2a3077-240a-470c-8ff9-26f82d669a9b,BANCO PRÓPRIO,Cirurgia do Quadril,Artroplastias do quadril,"Na artroplastia total do quadril displásico e luxado, a osteotomia femoral mais indicada para minimizar os riscos de lesão neurológica é a de",WAGNER.,encurtamento femoral subtrocanteriana.,GANZ.,SUGIOKA.,B,encurtamento femoral subtrocanteriana.,CAMPBELL'S,"🔎 Gabarito B. O alongamento do membro inferior em uma artroplastia total do quadril displásico e luxado pode levar à lesão do nervo isquiático. A osteotomia de encurtamento femoral subtrocanteriana é o procedimento de escolha para minimizar os riscos de lesão neurológica. A osteotomia permite que o cirurgião encurte o fêmur, reduzindo a tensão no nervo isquiático e melhorando a estabilidade da prótese.",,False
1c898352-50a1-4938-a7c0-42f6d59be697,BANCO PRÓPRIO,Cirurgia do Quadril,Fraturas do acetábulo,"O sinal da gaivota, visto nas fraturas do acetábulo, se caracteriza por impacção",superior e lateral.,superior e medial.,inferior e lateral.,inferior e medial.,D,inferior e medial.,CAMPBELL'S,"🔎 Gabarito D. O sinal da gaivota é um achado radiográfico em fraturas do acetábulo que é causado por impacção óssea. Ele se caracteriza por um fragmento ósseo triangular que se forma na porção inferior e medial do acetábulo. É um sinal de instabilidade do quadril e sugere que a fratura é complexa, com lesão do labrum e do ligamento redondo.",,False
43a1262f-b29b-4666-89e9-ca445a710f69,BANCO PRÓPRIO,Cirurgia do Quadril,Impacto fêmoro-acetabular,"Na avaliação radiográfica do impacto femoroacetabular do tipo PINCER, está presente",o aumento do angulo alfa.,o aumento do angulo beta.,o sinal do cruzamento.,a diminuição do ângulo centro-borda.,C,o sinal do cruzamento.,CAMPBELL'S,"🔎 Gabarito C. A avaliação radiográfica do impacto femoroacetabular é crucial para o diagnóstico e o planejamento do tratamento. O tipo PINCER é causado por uma cobertura excessiva do acetábulo. O sinal do cruzamento (crossover sign) é o achado radiográfico mais comum no tipo PINCER, sendo causado pela sobreposição da linha da parede anterior do acetábulo sobre a linha da parede posterior. As outras opções estão incorretas, pois o aumento do ângulo alfa é característico do impacto tipo CAME.",,False
d6928966-f030-460d-af88-b06e32cd0eec,BANCO PRÓPRIO,Anatomia,Artroscopia de quadril,"No reparo artroscópico da lesão labral, a âncora deve ser posicionada na","borda acetabular, na distância média entre a superfície articular e a cápsula.","borda acetabular, ligeiramente mais próxima da superfície articular.","borda acetabular, ligeiramente mais próxima da cápsula.",na cápsula articular.,C,"borda acetabular, ligeiramente mais próxima da cápsula.",CAMPBELL'S,"🔎 Gabarito C. No reparo artroscópico da lesão labral, o posicionamento correto da âncora é crucial para o sucesso da cirurgia. A âncora deve ser colocada na borda acetabular, ligeiramente mais próxima da cápsula. Isso permite que a sutura do labrum forneça a tensão ideal para estabilizar a articulação, sem causar impacto no labrum e na superfície articular.",,False
45f5448b-b570-4283-a5d4-32a1867006b7,BANCO PRÓPRIO,Cirurgia do Quadril,Pubalgia,"Na imagem a seguir, os músculos 1 e 2 envolvidos na osteíte púbica são, respectivamente",adutor magno e oblíquo externo.,adutor magno e reto abdominal.,adutor longo e reto abdominal.,grácil e oblíquo interno.,C,adutor longo e reto abdominal.,NETTER'S,"🔎 Gabarito C. A osteíte púbica é uma condição inflamatória que afeta a sínfise púbica. É comum em atletas que praticam esportes de alto impacto, como o futebol. A imagem mostra os músculos que se inserem na sínfise púbica. O músculo 1 é o reto abdominal, que se insere na porção superior do púbis. O músculo 2 é o adutor longo, que se insere na porção inferior do púbis. A contração repetitiva desses músculos causa microtrauma e inflamação na sínfise púbica.",,False
1d18186e-5bad-4cea-8919-b0f043733545,BANCO PRÓPRIO,Cirurgia do Quadril,Fraturas Subtrocanterianas,"Na fratura subtrocantérica do fêmur, o fragmento proximal pela ação muscular fica em","flexão, abdução e rotação lateral.","flexão, adução e rotação lateral.","extensão, abdução e rotação medial.","extensão, adução e rotação medial.",A,"flexão, abdução e rotação lateral.",ROCKWOOD'S,"🔎 Gabarito A. O fragmento proximal de uma fratura subtrocantérica do fêmur é afetado pela ação de três grupos musculares: o iliopsoas (flexão), os glúteos médio e mínimo (abdução) e o obturador externo e piriforme (rotação lateral). Essa combinação de forças faz com que o fragmento proximal se desvie em flexão, abdução e rotação lateral. As outras opções estão incorretas, pois não refletem a combinação de forças que atuam no fragmento proximal.",,False
11cedeed-1e8f-4a23-bcb2-f46166e37ea6,BANCO PRÓPRIO,Cirurgia do Quadril,Biomecânica do Quadril,Na biomecânica do quadril ocorre aumento da pressão na superfície articular quando o colo femoral é,"varo, por diminuição da alavanca adutora.","varo, por diminuição da alavanca abdutora.","valgo, por aumento da alavanca adutora.","valgo, por aumento da alavanca abdutora.",B,"varo, por diminuição da alavanca abdutora.",CAMPBELL'S,"🔎 Gabarito B. O ângulo cervicodiafisário é um fator importante na biomecânica do quadril. Um colo femoral em varo (ângulo diminuído) causa uma diminuição da alavanca dos músculos abdutores. Isso resulta em uma necessidade maior de força muscular para estabilizar o quadril durante a marcha, o que, por sua vez, aumenta a pressão na superfície articular. As outras opções estão incorretas.",,False
daba2ffa-1e78-49d4-bd86-c55e325212c2,BANCO PRÓPRIO,Cirurgia do Quadril,Fraturas da Cabeça do Fêmur,"Na fratura da cabeça femoral, segundo a classificação de PIPKIN, a luxação posterior associada à fratura cefálica à fóvea caracteriza o tipo",I.,II.,III.,IV.,B,II.,ROCKWOOD'S,🔎 Gabarito B. A classificação de PIPKIN é usada para as fraturas da cabeça femoral associadas à luxação posterior do quadril. O tipo I é uma fratura da cabeça femoral inferior à fóvea (não de sustentação de carga). O tipo II é uma fratura da cabeça femoral superior à fóvea (de sustentação de carga). O tipo III é uma fratura do tipo I ou II com fratura do colo femoral. O tipo IV é uma fratura do tipo I ou II com fratura do acetábulo.,,False
2f9e79dc-8d17-402c-9302-efb9dfb87989,BANCO PRÓPRIO,Cirurgia do Quadril,Artroplastias do quadril,"Na artroplastia total do quadril, a ocorrência de ossificação heterotópica é mais frequente quando o acesso utilizado é o",posterior,posterolateral,anterolateral,transtrocanteriano,D,transtrocanteriano,CAMPBELL'S,"🔎 Gabarito D. A ossificação heterotópica é a formação de osso em tecidos moles, como músculos e ligamentos. A ocorrência de ossificação heterotópica é mais frequente em artroplastias totais do quadril realizadas com o acesso transtrocanteriano. O acesso é feito através do trocanter maior, que é um músculo, o que aumenta o risco de formação de osso no local da cirurgia. As outras opções, como os acessos posterior, posterolateral e anterolateral, não apresentam o mesmo risco.",,False
2480efc8-1978-4545-8387-12b85b7c6ff1,BANCO PRÓPRIO,Cirurgia do Quadril,Artroplastias do quadril,A luxação protética após artroplastia primária do quadril é menos frequente,em pacientes do sexo feminino,quando se utiliza cone protéticos 12/14 longos,nas abordagens posteriores ao quadril,após 3 meses pós-operatórios,D,após 3 meses pós-operatórios,CAMPBELL'S,"🔎 Gabarito D. A luxação protética é uma complicação comum de artroplastias totais do quadril. A maioria das luxações ocorre nos primeiros 3 meses após a cirurgia, devido à fraqueza muscular e à cicatrização dos tecidos moles. Após 3 meses, a luxação é menos comum. As outras opções, como o sexo feminino, o uso de cones protéticos e as abordagens posteriores, são fatores de risco para a luxação.",,False
be8087b0-aa5b-4801-8b65-02be233e0e7b,BANCO PRÓPRIO,Cirurgia do Quadril,Artroplastias do quadril,"Após artroplastia total do quadril (ATQ), observa-se que","na maioria das vezes, o membro operado fica encurtado",a discrepância dos membros leva frequentemente a lombalgia,a discrepância de membros leva a falha mecânica prematura na artroplastia,"alongamentos superiores a 2,5 cm podem resultar em lesão do nervo ciático",D,"alongamentos superiores a 2,5 cm podem resultar em lesão do nervo ciático",CAMPBELL'S,"🔎 Gabarito D. O alongamento do membro inferior em uma artroplastia total do quadril pode levar à lesão do nervo isquiático, que é uma complicação grave. Alongamentos superiores a 2,5 cm são considerados um fator de risco para a lesão do nervo ciático. O alongamento é feito para restaurar a biomecânica do quadril e a tensão dos músculos abdutores. O encurtamento do membro, a lombalgia e a falha mecânica são complicações que podem ocorrer, mas a lesão do nervo ciático é a mais grave.",,False
a9b2a654-e324-4c33-be66-0fbb91282dcd,BANCO PRÓPRIO,Cirurgia do Quadril,Artroplastias do quadril,"Na artroplastia total do quadril, durante a cimentação, a complicação que diminuiu consideravelmente com a melhora das técnicas de anestesia foi",o broncoespasmo.,a queda da pressão arterial.,a trombose venosa profunda.,o tromboembolismo pulmonar.,B,a queda da pressão arterial.,CAMPBELL'S,"🔎 Gabarito B. Durante a cimentação da haste femoral em uma artroplastia total do quadril, o cimento ósseo pode causar uma reação de hipersensibilidade. Essa reação pode levar a uma queda da pressão arterial, que pode ser grave. Com a melhora das técnicas de anestesia, a queda da pressão arterial é menos comum. A trombose venosa profunda e o tromboembolismo pulmonar são complicações que podem ocorrer, mas não estão diretamente relacionadas com a cimentação.",,False
47e737a2-dd91-4441-8a06-6b0a82dd681d,BANCO PRÓPRIO,Cirurgia do Quadril,Coxartrose,"Na artrose do quadril, é contraindicação relativa para a osteotomia valgizante ntertrocantérica a presença de",flexão do quadril menor que 60°,extensão do quadril menor que 10°,cabeça femoral não esférica,acetábulo displásico,C,cabeça femoral não esférica,CAMPBELL'S,"🔎 Gabarito C. A osteotomia intertrocantérica valgizante é um procedimento cirúrgico para a artrose do quadril. As contraindicações relativas incluem a presença de uma cabeça femoral não esférica, que pode levar à incongruência articular e à falha da osteotomia. A flexão do quadril, a extensão do quadril e o acetábulo displásico não são contraindicações absolutas.",,False
fa8e0632-d022-4c14-8be9-b9a792e60468,BANCO PRÓPRIO,Ciência Básica,Biomecânica do Quadril,"Na biomecânica do quadril, a carga na cabeça do fêmur é diminuída com a",lateralização da cabeça femoral.,medialização da cabeça femoral.,anteriorização da cabeça femoral.,posteriorização da cabeça femoral,B,medialização da cabeça femoral.,CAMPBELL'S,"🔎 Gabarito B. A carga na cabeça do fêmur é uma combinação do peso corporal e da força dos músculos abdutores. A medialização da cabeça femoral diminui a alavanca dos abdutores, o que reduz a força muscular necessária para estabilizar o quadril. Isso resulta em uma diminuição da carga na cabeça do fêmur. As outras opções estão incorretas.",,False
e0f7015d-f654-4ef0-90fb-b09649ac4231,BANCO PRÓPRIO,Cirurgia do Quadril,Impacto fêmoro-acetabular,"Em relação à afirmação: ""O impacto femoroacetabular (IFA) deve sempre ser tratado por cirurgia aberta, ainda que assintomático, pois sua evolução para o desgaste e artroplastia do quadril é inevitável"", a opinião mais correta é",a afirmação está totalmente correta,a afirmação estaria correta se substituíssemos cirurgia aberta por artroscopia,"a afirmação estaria correta se removêssemos a expressão: “ainda que assintomática""",a afirmação está totalmente incorreta,D,a afirmação está totalmente incorreta,CAMPBELL'S,"🔎 Gabarito D. A afirmação está totalmente incorreta. O impacto femoroacetabular (IFA) é uma condição que pode levar a artrose do quadril, mas não é uma evolução inevitável. O tratamento cirúrgico é indicado apenas para pacientes sintomáticos, com dor no quadril. A cirurgia é realizada para corrigir a deformidade e evitar o impacto. O tratamento cirúrgico de pacientes assintomáticos não é recomendado.",,False
4d00090e-3069-48eb-bced-49037e1b5152,BANCO PRÓPRIO,Cirurgia do Quadril,Artroplastias do quadril,"Na artroplastia total do quadril displásico dos tipos 3 e 4 de Crowe, a principal complicação neurológica é a lesão do nervo",Femoral,Pudendo,Obturatório,Isquiático,D,Isquiático,CAMPBELL'S,"🔎 Gabarito D. A artroplastia total do quadril em pacientes com displasia grave (Crowe 3 e 4) é um procedimento complexo. A luxação da cabeça femoral e a displasia do acetábulo podem levar ao encurtamento do membro inferior. O alongamento do membro para a colocação da prótese aumenta a tensão no nervo isquiático, que é o principal nervo em risco. A lesão do nervo isquiático é uma complicação grave, que pode levar a sequelas neurológicas permanentes.",,False
364b3f17-3061-43f6-a461-0476b6644178,BANCO PRÓPRIO,Cirurgia do Quadril,Fraturas do Colo do Fêmur ,O tratamento das fraturas do colo femoral desviadas em pacientes ativos com idade acima de 65 anos deve considerar prioritariamente,o uso de hemiartroplastia,o uso de fixação interna com sistemas deslizantes,a artroplastia total do quadril,fixação com parafusos canulados,C,a artroplastia total do quadril,ROCKWOOD'S,"🔎 Gabarito C. O tratamento das fraturas do colo femoral desviadas em pacientes idosos é um desafio. Em pacientes ativos com idade acima de 65 anos, a artroplastia total do quadril é a melhor opção, pois permite a mobilização precoce e tem um risco menor de necrose avascular da cabeça femoral. A fixação interna é reservada para pacientes jovens. A hemiartroplastia é uma boa opção para pacientes idosos com baixa demanda.",,False
2445ec7e-1520-47ec-850f-d8ecebbdb458,BANCO PRÓPRIO,Cirurgia do Quadril,Fraturas do Colo do Fêmur ,"Na figura a seguir, a fratura do colo do fêmur representada é classificada de acordo com PAUWELS como do tipo",I,II,III,IV,C,III,ROCKWOOD'S,"🔎 Gabarito C. A classificação de PAUWELS é utilizada para as fraturas do colo femoral, com base no ângulo da linha de fratura com a horizontal. O tipo I é a fratura com um ângulo de 30º, o tipo II é a fratura com um ângulo de 50º e o tipo III é a fratura com um ângulo de 70º. O tipo III é a mais instável, com maior risco de pseudartrose e necrose avascular.",,False
057f53a5-ce17-4ccc-8075-a32e307919f3,BANCO PRÓPRIO,Cirurgia do Quadril,Artroplastias do quadril,Na artroplastia total do quadril os fatores de risco de risco para a ocorrência de fratura periprotética são,"Osteólise, soltura asséptica e sexo feminino","Osteólise, implante não cimentado e revisão prévia","Soltura asséptica, sexo feminino e artrite reumatoide","Artrite reumatóide, implante não cimentado e soltura séptica",B,"Osteólise, implante não cimentado e revisão prévia",CAMPBELL'S,"🔎 Gabarito B. A fratura periprotética é uma complicação grave de artroplastias totais do quadril. Os principais fatores de risco para a ocorrência de fratura periprotética são a osteólise, o implante não cimentado e a revisão prévia. A osteólise enfraquece o osso, o implante não cimentado pode levar a falha da fixação, e a revisão prévia aumenta o risco de fratura. As outras opções estão incorretas, pois o sexo feminino e a artrite reumatoide não são fatores de risco significativos.",,False
a2e69d49-dc86-4a1a-b27c-650ac632ee6c,BANCO PRÓPRIO,Cirurgia do Quadril,Fraturas periprotéticas do quadril,"A fratura periprotética acetabular de causa traumática, após a artroplastia total do quadril, é classificada por DELLA VALLE e PRAPOSKY como tipo",I,II,III,IV,C,III,CAMPBELL'S,🔎 Gabarito C. A classificação de DELLA VALLE e PRAPOSKY é utilizada para as fraturas periprotéticas acetabulares. O tipo I é uma fratura na qual o acetábulo está bem fixado e a fratura é uma fissura. O tipo II é uma fratura com soltura do acetábulo. O tipo III é uma fratura com soltura do acetábulo e perda de estoque ósseo. O tipo IV é uma fratura com soltura do acetábulo e perda de estoque ósseo grave.,,False
793b6307-4839-4f07-9336-0761ffbfb1f8,BANCO PRÓPRIO,Cirurgia do Quadril,Impacto fêmoro-acetabular,A deformidade do impacto femoroacetabular tipo “came” é mais bem evidenciada pela,radiografia smples,RM,Artroressonância magnética,TC 3-D,C,Artroressonância magnética,CAMPBELL'S,"🔎 Gabarito C. A deformidade do impacto femoroacetabular tipo “came” é uma deformidade na junção da cabeça com o colo femoral, que leva à colisão com o acetábulo em flexão, adução e rotação interna. O diagnóstico é feito pela avaliação do ângulo alfa, que é uma medida da esfericidade da cabeça femoral. O ângulo alfa normal é menor que 55°, e o impacto é diagnosticado quando o ângulo alfa é igual ou superior a 55°.",,False
6dc7a1f7-7670-47e6-b71c-381695ee56d2,BANCO PRÓPRIO,Cirurgia do Quadril,Infecções pós-artroplastias,Para o diagnóstico laboratorial de infecção protética do quadril é correto afirmar que,o leucograma com mais de 10.000 células é altamente sugestivo,a contagem celular do líquido sinovial não tem valor diagnóstico,a cintilografia é o padrão-ouro,a elevação simultânea do VHS e PCR tem grande valor preditivo positivo após 3 meses do ato operatório,D,a elevação simultânea do VHS e PCR tem grande valor preditivo positivo após 3 meses do ato operatório,CAMPBELL'S,"🔎 Gabarito D. A elevação simultânea da VHS e da PCR tem um grande valor preditivo positivo para o diagnóstico de infecção protética do quadril, especialmente após 3 meses do ato operatório. A contagem celular do líquido sinovial é um critério de diagnóstico, mas não tem um valor preditivo tão alto quanto a combinação de VHS e PCR. A cintilografia não é o padrão-ouro.",,False
bfc82207-7d8c-4f82-abcf-223b854499b3,BANCO PRÓPRIO,Cirurgia do Quadril,Infecções pós-artroplastias,"Na infecção após ATQ classificada por TSUKAYAMA, culturas positivas colhidas por revisão supostamente asséptica caracteriza o tipo",1,2,3,4,D,4,CAMPBELL'S,🔎 Gabarito D. A classificação de TSUKAYAMA é utilizada para infecções após artroplastias. O tipo 1 é a infecção aguda pós-operatória. O tipo 2 é a infecção crônica. O tipo 3 é a infecção crônica com soltura da prótese. O tipo 4 é a infecção com culturas positivas colhidas em uma revisão supostamente asséptica.,,False
ad69f16d-1d70-4271-bebb-f8a6468cbe57,BANCO PRÓPRIO,Cirurgia do Quadril,Infecções pós-artroplastias,"Na infecção pós-artroplastia, a formação do biofilme ocorre na maioria dos casos a partir de",3 dias.,1 semana.,2 semanas.,1 mês.,B,1 semana.,CAMPBELL'S,"🔎 Gabarito B. A formação do biofilme é um processo de adesão bacteriana à superfície da prótese. O biofilme é uma comunidade de bactérias que vivem em uma matriz de polímeros. A formação do biofilme ocorre na maioria dos casos a partir de 1 semana após a cirurgia, o que torna o tratamento da infecção tardia um desafio.",,False
a90c9ce4-4e32-4f20-ad8b-648920699ee2,BANCO PRÓPRIO,Cirurgia do Quadril,Artroscopia de quadril,A cirurgia do quadril por via artroscópica está,contraindicada para o tratamento de pioartrite,indicada em caso de liberação do trato iliotibial e iliopsoas,absolutamente contraindicada em caso de obesidade mórbida,indicada para o tratamento de osteomielite ou drenagem de abscesso em paciente séptico,B,indicada em caso de liberação do trato iliotibial e iliopsoas,CAMPBELL'S,"🔎 Gabarito B. A artroscopia do quadril é um procedimento cirúrgico minimamente invasivo que tem uma série de indicações. Ela pode ser usada para o tratamento de lesões labrais, impacto femoroacetabular, corpos livres, lesões condrais e, também, para a liberação do trato iliotibial e iliopsoas. No entanto, a cirurgia é contraindicada em caso de pioartrite e osteomielite.",,False
c24f00a5-a494-48e3-a475-8375cdaf02f8,BANCO PRÓPRIO,Cirurgia do Quadril,Exame Físico do Quadril,"Na semiologia do quadril, é indicativo de lesão labral o sinal",do “C”.,de FREIBERG.,de DREHMAN.,de PACE.,A,do “C”.,CAMPBELL'S,"🔎 Gabarito A. O sinal do “C” é um sinal clínico para o diagnóstico de lesão labral. O paciente descreve a dor com a mão em forma de ""C"", que é um círculo que envolve o quadril. As outras opções estão incorretas. O sinal de FREIBERG é para a síndrome do piriforme, o sinal de DREHMAN é para a epifisiólise, e o sinal de PACE não é um sinal clínico.",,False
097a51c7-d88b-40b6-93a3-725594ef1bee,BANCO PRÓPRIO,Cirurgia do Quadril,Fraturas do anel pélvico,"Quanto à fratura da pelve tipo B, segundo a classificação de Marvin TILE, é verdadeiro dizer que",é rotacional e verticalmente instável,"as fraturas do tipo B2 são denominadas ""em livro aberto""","em uma lesão em livro aberto no estágio 1, pode haver lesão do ligamento sacroilíaco anterior","nessas lesões do tipo B, os ligamentos sacroilíaco posterior e interósseo permanecem intactos",D,"nessas lesões do tipo B, os ligamentos sacroilíaco posterior e interósseo permanecem intactos",ROCKWOOD'S,"🔎 Gabarito D. As fraturas do tipo B de TILE são rotacionalmente instáveis, mas verticalmente estáveis. A lesão é causada por uma força de cisalhamento. As fraturas do tipo B2, por exemplo, são as fraturas em ""livro aberto"". Em uma lesão em ""livro aberto"", o ligamento sacroilíaco anterior está lesado, mas os ligamentos sacroilíaco posterior e interósseo permanecem intactos.",,False
349d5530-f5e9-40c4-826b-c359bbdb232b,BANCO PRÓPRIO,Cirurgia do Quadril,Osteonecrose da cabeça femoral,"O ""sinal da dupla linha"" na imagem de ressonância magnética do quadril em T2 sugere",osteoporose transitória,fratura oculta do colo do fêmur,osteonecrose da cabeça do fêmur,impacto femoroacetabular,C,osteonecrose da cabeça do fêmur,CAMPBELL'S,"🔎 Gabarito C. O ""sinal da dupla linha"" na ressonância magnética do quadril em T2 é um achado patognomônico da osteonecrose da cabeça do fêmur. O sinal é causado por uma linha de esclerose na interface entre o osso necrótico e o osso viável. As outras opções estão incorretas, pois o sinal da dupla linha não é um achado na osteoporose transitória, na fratura oculta ou no impacto femoroacetabular.",,False
9596dc7c-7d8e-46c5-9480-3220c93b4cc9,BANCO PRÓPRIO,Cirurgia do Quadril,Osteonecrose da cabeça femoral,O melhor exame para diferenciar a necrose asséptica da cabeça do fêmur e a osteoporose transitória do quadril é a,cintilografia óssea,ressonância magnética,tomografia tridimensional,angiografia digital,B,ressonância magnética,CAMPBELL'S,"🔎 Gabarito B. A ressonância magnética é o melhor exame de imagem para diferenciar a necrose asséptica da cabeça do fêmur e a osteoporose transitória do quadril. A necrose asséptica da cabeça do fêmur é caracterizada por uma linha de esclerose na ressonância magnética, enquanto a osteoporose transitória é caracterizada por edema ósseo. A cintilografia e a tomografia não são tão sensíveis e específicas.",,False
b0284fa5-76a9-49f5-8fb1-4e39393e1fad,BANCO PRÓPRIO,Cirurgia do Quadril,Artroplastias do quadril,"O centro de rotação do quadril protético, quando superior e lateral, afeta as forças geradas sobre",O implante,Os abdutores,O osso periacetabular,Os ligamentos anteriores,C,O osso periacetabular,CAMPBELL'S,"🔎 Gabarito C. O centro de rotação do quadril protético é um fator importante na biomecânica do quadril. Um centro de rotação superior e lateral aumenta a alavanca dos abdutores, o que aumenta a força muscular necessária para estabilizar o quadril. Isso resulta em um aumento da carga no osso periacetabular, o que pode levar a falha da fixação.",,False
28272e5b-198b-440a-8aa5-be811a8bd1ae,BANCO PRÓPRIO,Cirurgia do Quadril,Artroplastias do quadril,"Na classificação morfológica de DORR, a presença de metáfise ampla, cortical delgada, formato retilíneo ou em varo da diáfise e perda da constrição do istmo caracteriza o tipo",A,B,C,D,B,B,CAMPBELL'S,"🔎 Gabarito B. A classificação de DORR é utilizada para a classificação morfológica do fêmur proximal, para o planejamento do implante de haste femoral não cimentada. O tipo A é a anatomia ideal. O tipo B é a anatomia mais comum, com metáfise ampla, cortical delgada, formato retilíneo ou em varo da diáfise e perda da constrição do istmo. O tipo C é o pior cenário para a fixação não cimentada.",,False
0bdd3f9c-7c91-4a11-93fa-45e29774b305,BANCO PRÓPRIO,Cirurgia do Quadril,Pubalgia,"Na pubalgia, a dor se localiza principalmente na região",da musculatura abdominal.,superior do pubis.,inferior do pubis.,da musculatura adutora.,C,inferior do pubis.,CAMPBELL'S,"🔎 Gabarito C. A pubalgia é uma condição crônica que causa dor na região do púbis. A dor se localiza principalmente na região inferior do púbis, devido à inflamação da sínfise púbica.",,False
8145b509-63b4-474e-be23-221f306a410a,BANCO PRÓPRIO,Cirurgia do Quadril,Pubalgia,A pulbagia inicia-se mais frequentemente por lesão do músculo,sartório,reto femoral,adutor longo,adutor magno,C,adutor longo,CAMPBELL'S,"🔎 Gabarito C. A pubalgia inicia-se mais frequentemente por lesão do músculo adutor longo. A lesão é causada pela contração repetitiva do músculo, que leva à inflamação da sínfise púbica. As outras opções estão incorretas, pois o sartório e o reto femoral não são os músculos mais comumente envolvidos.",,False
a5ac65bd-678a-4ed6-81de-44518c73daea,BANCO PRÓPRIO,Cirurgia do Quadril,Coxa saltans,A coxa profunda é um fator de risco para impacto femoracetabular porque,"o contorno da cabeça ultrapassa a linha de Kohler, predispondo ao mecanismo tipo pincer (torques)","o fundo acetabular atinge a linha de Kohler, predispondo ao mecanismo tipo came",promove o impacto localizado na porção anterolateral do acetábulo,promove a medialização do fêmur proximal,D,promove a medialização do fêmur proximal,CAMPBELL'S,"🔎 Gabarito D. A coxa profunda é uma condição na qual o acetábulo é profundo, com o fundo do acetábulo medial à linha de Kohler. A coxa profunda é um fator de risco para o impacto femoroacetabular, pois promove a medialização do fêmur proximal e aumenta o risco de colisão do colo femoral com a borda do acetábulo.",,False
d27142f6-b3f7-490f-a81c-bfcefe211732,BANCO PRÓPRIO,Cirurgia do Quadril,Síndrome do piriforme,Na síndrome compressiva do piriforme o movimento passivo que exacerba os sintomas é,rotação lateral e flexão.,rotação medial e flexão.,rotação lateral e abdução.,rotação medial e abdução.,B,rotação medial e flexão.,OSVANDRÉ,"🔎 Gabarito B. A síndrome do piriforme é uma neuropatia por compressão do nervo isquiático pelo músculo piriforme. A dor é exacerbada por manobras que tensionam o músculo piriforme contra o nervo. O teste mais comum é o teste de FAIRO (Flexão, Adução e Rotação Interna), que alonga o piriforme e reproduz a dor. Portanto, a rotação medial e a flexão do quadril são os movimentos que provocam os sintomas.",,False
e574b31c-8c88-49a0-969d-6a43ae69a924,BANCO PRÓPRIO,Cirurgia do Quadril,Exame Físico do Quadril,"Na semiologia do quadril, o teste que avalia a contratura do reto femoral pela flexão passiva",Thomas,Ober,Ely,Gumper,C,Ely,OSVANDRÉ,"🔎 Gabarito C. O teste de ELY é um teste semiológico para avaliar a contratura do reto femoral. O paciente é deitado em decúbito dorsal e o joelho é flexionado passivamente. Se o quadril do lado a ser examinado levantar da mesa, isso indica uma contratura do reto femoral. As outras opções estão incorretas.",,False
203c3855-2932-42b8-a5a3-56127bf150e7,BANCO PRÓPRIO,Cirurgia do Quadril,Fraturas Transtrocanterianas,"A fratura intertrocantérica do fêmur, do tipo V de TRONZO, tem como melhor implante para fixação a",placa de 135o com parafuso deslizante,placa angulada de 135o,haste intramedular flexível,haste cefalomedular bloqueada,D,haste cefalomedular bloqueada,ROCKWOOD'S,"🔎 Gabarito D. A classificação de TRONZO é utilizada para as fraturas intertrocantéricas do fêmur. O tipo V é uma fratura com um grande fragmento do trocanter maior e uma fratura da diáfise. O tratamento de escolha é a fixação com uma haste cefalomedular bloqueada, pois ela fornece uma fixação estável e permite a mobilização precoce. As outras opções, como a placa de 135° e a haste intramedular flexível, não são indicadas.",,False
d0aefc5f-4b0b-42ed-b1df-35fb1118dce8,BANCO PRÓPRIO,Cirurgia do Quadril,Fraturas Transtrocanterianas,Nas fraturas trocantéricas,"o DHS, por não permitir a impacção secundária dos fragmentos, apresenta altas taxas de consolidação óssea",o DHS é o implante de escolha para as fraturas estáveis,as hastes intramedulares com bloqueio distal dinâmico são recomendadas para as fraturas multifragmentadas instáveis,"com osteoartrose preexistente, a artroplastia primária deve ser realizada, pois apresenta bons resultados",B,o DHS é o implante de escolha para as fraturas estáveis,ROCKWOOD'S,"🔎 Gabarito B. O DHS (Dynamic Hip Screw) é um implante de escolha para as fraturas trocantéricas estáveis, pois permite a impacção secundária dos fragmentos, o que promove a consolidação óssea. As hastes intramedulares com bloqueio distal são recomendadas para as fraturas instáveis. A artroplastia primária é uma opção para pacientes com osteoartrose preexistente, mas não é a de escolha.",,False
5672c3b5-24f6-4b56-96ab-f58e0893d436,BANCO PRÓPRIO,Cirurgia do Quadril,Artroplastias do quadril,"Dentre as opções abaixo, o desempenho clínico em estudos prospectivos apontam para a utilização em pacientes jovens e ativos do seguinte par tribológico",metal-metal,metal-polietileno convencional,cerâmica x polietileno cross-linked (reticulado),cerâmica x metal,C,cerâmica x polietileno cross-linked (reticulado),CAMPBELL'S,"🔎 Gabarito C. O par tribológico cerâmica x polietileno reticulado é o par de escolha para pacientes jovens e ativos, devido à sua baixa taxa de desgaste. O polietileno reticulado é um polietileno modificado que tem uma maior resistência ao desgaste. As outras opções, como o metal-metal e o metal-polietileno convencional, têm uma maior taxa de desgaste e são menos indicadas.",,False
a333a262-cc41-4070-95de-795f5663a921,BANCO PRÓPRIO,Cirurgia do Quadril,Artroplastias do quadril,O desgaste da superfície protética metal-polietileno na artroplastia primária do quadril,é tanto maior quanto mais se aumenta o offset femoral,é maior nos implantes acetabulares cimentados,é mais intenso quando da atuação do mecanismo de abrasão por terceiro corpo,"tem no mecanismo adesivo, ou por transferência, uma fonte contínua e progressiva de geração de partículas",C,é mais intenso quando da atuação do mecanismo de abrasão por terceiro corpo,CAMPBELL'S,"🔎 Gabarito C. O desgaste da superfície protética metal-polietileno é um dos principais problemas de artroplastias totais do quadril. O desgaste é mais intenso quando da atuação do mecanismo de abrasão por terceiro corpo, que é causado por partículas de metal ou osso que se soltam e causam o desgaste do polietileno.",,False
f4cf3c88-259f-412c-9e63-b3648e096829,BANCO PRÓPRIO,Anatomia,Vias de acesso do quadril,A via de acesso de SMITH-PETERSEN,é utilizada frequentemente no manuseio de fraturas do colo e da cabeça femoral,é uma via de acesso anterolateral do quadril,é utilizada para realização de artroplastia do quadril,entra no intervalo entre os músculos tensor da fáscia lata e do sartório,D,entra no intervalo entre os músculos tensor da fáscia lata e do sartório,CAMPBELL'S,"🔎 Gabarito D. A via de acesso de SMITH-PETERSEN é uma via de acesso anterior do quadril. A via entra no intervalo entre os músculos tensor da fáscia lata e do sartório. A via de acesso é utilizada para o tratamento de fraturas do acetábulo e do fêmur proximal, e para a realização de artroplastias do quadril.",,False
266e1895-0746-48cc-a1d1-fb9be4b2b73d,BANCO PRÓPRIO,Cirurgia do Quadril,Displasia de desenvolvimento do quadril,"Na DDQ, a redução aberta por via de acesso anterior é no intervalo entre o tensor da fáscia lata e o","glúteo médio, estando em risco o nervo cutâneo lateral da coxa.","sartório, estando em risco o nervo cutâneo lateral da coxa.","glúteo máximo, estando em risco o nervo obturador.","reto femoral, estando em risco o nervo obturador.",B,"sartório, estando em risco o nervo cutâneo lateral da coxa.",LOVELL'S,"🔎 Gabarito B. Na displasia do desenvolvimento do quadril, a redução aberta por via de acesso anterior é um procedimento cirúrgico para centralizar a cabeça femoral no acetábulo. A via de acesso é no intervalo entre o músculo tensor da fáscia lata e o sartório. O nervo cutâneo lateral da coxa está em risco durante a cirurgia.",,False
8f148251-a383-48a7-8ce5-91d1314467c5,BANCO PRÓPRIO,Cirurgia do Quadril,Fraturas do Colo do Fêmur ,"Na fratura do colo do fêmur, segundo a classificação de GARDEN, a fratura tipo III é caracterizada por",fratura incompleta.,fratura completa sem desvio.,fratura completa com desvio.,fratura completa com desvio e rotação externa.,C,fratura completa com desvio.,ROCKWOOD'S,"🔎 Gabarito C. A classificação de GARDEN para as fraturas do colo do fêmur é baseada no desvio da fratura. O tipo III é caracterizado por uma fratura completa com desvio, mas com a linha de fratura ainda alinhada. As demais alternativas estão incorretas, pois se referem a outros tipos de fraturas.",,False
b780c0aa-6c1f-4b83-bd2a-143cf24135d6,BANCO PRÓPRIO,Cirurgia do Quadril,Fraturas do acetábulo,"Na fratura do acetábulo, a classificação de LETOURNEL e JUDET é baseada em",localização da fratura.,mecanismo de lesão.,número de fragmentos.,tamanho da fratura.,A,localização da fratura.,ROCKWOOD'S,"A classificação de LETOURNEL e JUDET para as fraturas do acetábulo é baseada na localização da fratura. A classificação divide as fraturas em 10 tipos, com base na localização da fratura na coluna anterior, na coluna posterior ou em ambas. As demais alternativas estão incorretas.",,False
3c2c91ed-7186-4d71-809c-1e7379f272dc,BANCO PRÓPRIO,Cirurgia do Quadril,Osteonecrose da cabeça femoral,"Na osteonecrose da cabeça femoral, a classificação de Ficat e Arlet é baseada em",achados radiográficos.,achados histológicos.,achados clínicos.,achados laboratoriais.,A,achados radiográficos.,CAMPBELL'S,"A classificação de Ficat e Arlet para a osteonecrose da cabeça femoral é baseada em achados radiográficos. A classificação divide a osteonecrose em quatro estágios, com o estágio I sendo o estágio inicial e o estágio IV o estágio final. As demais alternativas estão incorretas, pois a classificação de Ficat e Arlet não leva em conta esses fatores.",,False
1a26ce31-f8a9-4185-9c2a-6f14f9da6781,BANCO PRÓPRIO,Anatomia,Vias de acesso do joelho,"Nas figuras A e B a seguir, os acessos para realização da artroplastia do joelho são, respectivamente,",subvasto e midvasto.,midvasto e subvasto.,subvasto e parapatelar medial.,parapatelar lateral e parapatelar medial,A,subvasto e midvasto.,CAMPBELL'S,"O gabarito está correto. A figura A demonstra o acesso subvasto, no qual a incisão é posicionada medialmente à borda anterior do trato iliotibial e lateralmente ao vasto medial oblíquo, sendo que o vasto medial oblíquo é evertido, e o vasto medial longo e o vasto intermédio são retraídos medialmente. Na figura B, temos o acesso midvasto, no qual a incisão é feita no meio do músculo vasto medial, sendo que as fibras musculares são divididas longitudinalmente, sem desinserção muscular. As alternativas C e D estão incorretas, pois o acesso parapatelar medial é realizado com a incisão medial à patela, com desinserção do retináculo medial e elevação do vasto medial oblíquo subperiostealmente. O acesso parapatelar lateral é realizado com incisão lateral à patela, com desinserção do retináculo lateral.
",https://i.imgur.com/fNqkR91.png,False
d0d35322-3b32-4981-862b-6501ffe21997,BANCO PRÓPRIO,Anatomia,Vias de acesso do Pé e Tornozelo,"Na estrutura indicada pela seta na imagem e o portal que deve ser iniciada a artroscopia do tornozelo são, respectivamente, o",tendão do fibular curto e o portal anteromedial.,nervo fibular superficial e o portal anteromedial.,tendão do fibular curto e o portal anterolateral.,nervo fibular superficial e o portal anterolateral.,B,nervo fibular superficial e o portal anteromedial.,CAMPBELL'S,"O gabarito correto é a letra B. A imagem demonstra o nervo fibular superficial, estrutura importante a ser identificada em acessos cirúrgicos na região anterolateral do tornozelo e pé.  O portal anteromedial é usualmente o primeiro portal na artroscopia do tornozelo, sendo criado medialmente ao tendão tibial anterior, com o pé em leve flexão plantar. A alternativa ""A"" está incorreta, pois a seta indica o nervo fibular superficial e não o tendão do fibular curto. A alternativa ""C"" está incorreta, pois apesar do tendão fibular curto ser uma estrutura lateral no tornozelo, a seta aponta para o nervo fibular superficial e o portal anterolateral não é o primeiro a ser realizado em artroscopia de tornozelo. A alternativa ""D"" está incorreta, pois o portal anteromedial é o primeiro a ser realizado.
",https://i.imgur.com/ugQJk85.png,False
b9ba8644-7f3d-4039-9146-13ff43870a02,BANCO PRÓPRIO,Cirurgia do Quadril,Fraturas Subtrocanterianas,"Na fratura subtrocantérica do fêmur, o fragmento proximal desvia em flexão,",abdução e rotação medial.,adução e rotação lateral.,abdução e rotação lateral.,"adução, rotação medial.",C,abdução e rotação lateral.,ROCKWOOD'S,🔎 Gabarito C. O fragmento proximal nas fraturas subtrocantéricas é desviado por forças musculares. O iliopsoas causa a flexão; o glúteo médio e mínimo promovem a abdução; e os rotadores externos (piriforme e obturadores) causam a rotação externa.,,False
641eb936-dc02-4883-bff9-9275c61975d1,BANCO PRÓPRIO,Ciência Básica,Anatomia da perna,A principal vascularização da tíbia é a artéria,poplítea.,femoral.,tibial anterior.,tibial posterior.,D,tibial posterior.,ROCKWOOD'S,"🔎 Gabarito D. A artéria tibial posterior é a principal fonte de suprimento sanguíneo para a tíbia, entrando no osso através do forame nutríco na porção póstero-medial. A artéria tibial anterior contribui para a circulação, mas a tibial posterior é a principal.",,False
365ac4f3-0629-4653-ac0a-0c295a2e70fa,BANCO PRÓPRIO,Cirurgia do Quadril,Luxações do Quadril,"Na luxação do quadril com fraturada cabeça do fêmur, de acordo com a classificação de PIPKIN, o tratamento conservador é indicado no tipo",II.,III.,IV.,V.,A,II.,ROCKWOOD'S,"🔎 Gabarito A. A classificação de PIPKIN para fraturas da cabeça femoral associadas a luxação do quadril divide a lesão em 4 tipos. O tipo I e II não tem luxação, e o tipo II tem o fragmento fraturário, mas sem luxação, sendo possível o tratamento conservador em casos selecionados.",,False
d5ab239d-8b24-48dd-81e5-194e449aba3c,BANCO PRÓPRIO,Cirurgia do Quadril,Fraturas do anel pélvico,"Na lesão da pelve, de acordo com a classificação de YOUNG e BURGESS, a presença de abertura da articulação SI anterior e ligamentos SI posteriores intactos é classificada como",CL II.,CL III.,CAP II.,CAP III.,C,CAP II.,ROCKWOOD'S,"🔎 Gabarito C. A classificação de YOUNG e BURGESS avalia a direção da força e a estabilidade do anel pélvico. A compressão anteroposterior (CAP) ocorre por uma força de abdução. O CAP II se caracteriza pela abertura da sínfise púbica e/ou articulação sacroilíaca anterior, com os ligamentos sacroilíacos posteriores intactos.",,False
fff40d61-7698-42dd-b657-4208c5a3d925,BANCO PRÓPRIO,Cirurgia do Ombro e Cotovelo,Vias de acesso do antebraço,A fratura do rádio é preferencialmente tratada pelo acesso de,HENRY em toda a extensão do osso.,HENRY na extremidade proximal do osso.,THOMPSON em toda a extensão do osso.,THOMPSON na extremidade proximal do osso.,D,THOMPSON na extremidade proximal do osso.,CAMPBELL'S,🔎 Gabarito D. O acesso de THOMPSON é uma via de acesso para o rádio que permite a exposição do terço proximal do osso. O acesso de HENRY expõe a porção distal.,,False
c76352c2-b657-4d65-b984-6eb33331d46c,BANCO PRÓPRIO,Cirurgia do Ombro e Cotovelo,Consolidação de Fraturas,"Na luxação acrômioclavicular, de acordo com a classificação de ROCKWOOD, no tipo",II existe instabilidade horizontal com ruptura dos ligamentos acromioclaviculares e dos ligamentos coracoclaviculares.,I os ligamentos acrômio-claviculares estão rompidos porém não ocorre instabilidade horizontal.,IV a tomografia computadorizada tem grande valor para confirmação do diagnóstico em pacientes com múltiplas lesões.,III ocorre a ruptura dos ligamentos acromioclaviculares e dos coracoclaviculares com aumento do espaço coracoclavicular > 100%.,C,IV a tomografia computadorizada tem grande valor para confirmação do diagnóstico em pacientes com múltiplas lesões.,ROCKWOOD'S,"🔎 Gabarito C. A classificação de ROCKWOOD para luxação acromioclavicular é a mais utilizada. O tipo IV se caracteriza pelo desvio posterior da clavícula, sendo necessária a TC para confirmação do diagnóstico e para avaliar a extensão do desvio.",,False
781aee72-3d71-422a-abf0-6b5c413f750a,BANCO PRÓPRIO,Cirurgia do Quadril,Fraturas do Colo do Fêmur ,"A conduta preconizada em paciente idoso após queda da própria altura, dor na região do quadril e radiografia inicial normal é",solicitar radiografia com carga.,solicitar ressonância magnética.,solicitar tomografia computadorizada.,orientar retornar caso haja piora dos sintomas.,B,solicitar ressonância magnética.,Outros,"🔎 Gabarito B. Em pacientes idosos com dor no quadril após trauma e radiografia normal, a suspeita de fratura oculta do colo do fêmur é alta. A ressonância magnética (RM) é o exame padrão-ouro para o diagnóstico de fraturas ocultas, por sua alta sensibilidade.",,False
db954d83-4399-4aef-89cf-bf926180fa25,BANCO PRÓPRIO,Cirurgia do Quadril,Vias de acesso do quadril,"No acesso ilioinguinal a seguir, a janela assinalada pela letra “X” é a","primeira, lateral ao músculo iliopsoas e ao nervo femoral.","segunda, lateral ao músculo iliopsoas e ao nervo femoral.","primeira, entre o músculo iliopsoas/nervo femoral e a artéria ilíaca externa.","segunda, entre o músculo iliopsoas/nervo femoral e a artéria ilíaca externa.",D,"segunda, entre o músculo iliopsoas/nervo femoral e a artéria ilíaca externa.",Outros,"🔎 Gabarito D. O acesso ílio-inguinal é utilizado para o tratamento de fraturas do acetábulo. Ele permite acesso à porção anterior da pelve e possui três janelas. A primeira é medial, a segunda é intermediária e a terceira é lateral. A segunda janela, assinalada, se localiza entre o músculo iliopsoas/nervo femoral e a artéria ilíaca externa.",,False
e686d5b8-8011-488c-a571-bf280fa25300,BANCO PRÓPRIO,Cirurgia do Quadril,Fraturas do Colo do Fêmur ,A classificação de PAUWELS para fraturas do colo femoral é baseada,na direção do traço de fratura.,no desvio dos fragmentos.,na cominuição dos fragmentos.,na presença de artrose.,A,na direção do traço de fratura.,ROCKWOOD'S,"> 🔎 Gabarito A. A classificação de PAUWELS (epônimo em maiúsculas) é uma classificação prognóstica baseada na biomecânica da fratura do colo femoral. Ela avalia a estabilidade da fratura com base na direção (verticalidade) do traço de fratura (A) em relação a um plano horizontal. Quanto mais vertical o traço (PAUWELS III), maiores as forças de cisalhamento e maior o risco de instabilidade, pseudoartrose e falha da fixação.",,False
4d1acc61,BANCO PRÓPRIO,Ciência Básica,Exame Físico da Coluna,"No exame físico da coluna vertebral, a imagem a seguir demonstra o teste de",SCHÖBER.,ADAMS.,LHERMITTE.,GAENSLEN.,B,ADAMS.,LOVELL'S,"O teste de Adams de flexão anterior é realizado pedindo à paciente que junte as mãos à sua frente e se incline para a frente na cintura, como se estivesse tocando os dedos dos pés. Enquanto a paciente se inclina para a frente, o profissional observa a coluna para determinar se ela é
flexível e se flexiona simetricamente. Assim que a paciente se inclina para a frente de modo que a coluna fique paralela ao chão, o profissional procura por assimetria do tronco e mede o ângulo de rotação do tronco usando um escoliômetro. Nesta paciente, o ângulo de rotação do tronco é de 21 graus em T8.",https://i.imgur.com/2IsJbzD.png,False
